gene	cell1	cell2	cell3	cell4	cell5	cell6	cell7	cell8	cell9	cell10	cell11	cell12	cell13	cell14	cell15	cell16	cell17	cell18	cell19	cell20	cell21	cell22	cell23	cell24	cell25	cell26	cell27	cell28	cell29	cell30	cell31	cell32	cell33	cell34	cell35	cell36	cell37	cell38	cell39	cell40	cell41	cell42	cell43	cell44	cell45	cell46	cell47	cell48	cell49	cell50	cell51	cell52	cell53	cell54	cell55	cell56	cell57	cell58	cell59	cell60	cell61	cell62	cell63	cell64	cell65	cell66	cell67	cell68	cell69	cell70	cell71	cell72	cell73	cell74	cell75	cell76	cell77	cell78	cell79	cell80	cell81	cell82	cell83	cell84	cell85	cell86	cell87	cell88	cell89	cell90	cell91	cell92	cell93	cell94	cell95	cell96	cell97	cell98	cell99	cell100	cell101	cell102	cell103	cell104	cell105	cell106	cell107	cell108	cell109	cell110	cell111	cell112	cell113	cell114	cell115	cell116	cell117	cell118	cell119	cell120	cell121	cell122	cell123	cell124	cell125	cell126	cell127	cell128	cell129	cell130	cell131	cell132	cell133	cell134	cell135	cell136	cell137	cell138	cell139	cell140	cell141	cell142	cell143	cell144	cell145	cell146	cell147	cell148	cell149	cell150	cell151	cell152	cell153	cell154	cell155	cell156	cell157	cell158	cell159	cell160	cell161	cell162	cell163	cell164	cell165	cell166	cell167	cell168	cell169	cell170	cell171	cell172	cell173	cell174	cell175	cell176	cell177	cell178	cell179	cell180	cell181	cell182	cell183	cell184	cell185	cell186	cell187	cell188	cell189	cell190	cell191	cell192	cell193	cell194	cell195	cell196	cell197	cell198	cell199	cell200	cell201	cell202	cell203	cell204	cell205	cell206	cell207	cell208	cell209	cell210	cell211	cell212	cell213	cell214	cell215	cell216	cell217	cell218	cell219	cell220	cell221	cell222	cell223	cell224	cell225	cell226	cell227	cell228	cell229	cell230	cell231	cell232	cell233	cell234	cell235	cell236	cell237	cell238	cell239	cell240	cell241	cell242	cell243	cell244	cell245	cell246	cell247	cell248	cell249	cell250	cell251	cell252	cell253	cell254	cell255	cell256	cell257	cell258	cell259	cell260	cell261	cell262	cell263	cell264	cell265	cell266	cell267	cell268	cell269	cell270	cell271	cell272	cell273	cell274	cell275	cell276	cell277	cell278	cell279	cell280	cell281	cell282	cell283	cell284	cell285	cell286	cell287	cell288	cell289	cell290	cell291	cell292	cell293	cell294	cell295	cell296	cell297	cell298	cell299	cell300	cell301	cell302	cell303	cell304	cell305	cell306	cell307	cell308	cell309	cell310	cell311	cell312	cell313	cell314	cell315	cell316	cell317	cell318	cell319	cell320	cell321	cell322	cell323	cell324	cell325	cell326	cell327	cell328	cell329	cell330	cell331	cell332	cell333	cell334	cell335	cell336	cell337	cell338	cell339	cell340	cell341	cell342	cell343	cell344	cell345	cell346	cell347	cell348	cell349	cell350	cell351	cell352	cell353	cell354	cell355	cell356	cell357	cell358	cell359	cell360	cell361	cell362	cell363	cell364	cell365	cell366	cell367	cell368	cell369	cell370	cell371	cell372	cell373	cell374	cell375	cell376	cell377	cell378	cell379	cell380	cell381	cell382	cell383	cell384	cell385	cell386	cell387	cell388	cell389	cell390	cell391	cell392	cell393	cell394	cell395	cell396	cell397	cell398	cell399	cell400	cell401	cell402	cell403	cell404	cell405	cell406	cell407	cell408	cell409	cell410	cell411	cell412	cell413	cell414	cell415	cell416	cell417	cell418	cell419	cell420	cell421	cell422	cell423	cell424	cell425	cell426	cell427	cell428	cell429	cell430	cell431	cell432	cell433	cell434	cell435	cell436	cell437	cell438	cell439	cell440	cell441	cell442	cell443	cell444	cell445	cell446	cell447	cell448	cell449	cell450	cell451	cell452	cell453	cell454	cell455	cell456	cell457	cell458	cell459	cell460	cell461	cell462	cell463	cell464	cell465	cell466	cell467	cell468	cell469	cell470	cell471	cell472	cell473	cell474	cell475	cell476	cell477	cell478	cell479	cell480	cell481	cell482	cell483	cell484	cell485	cell486	cell487	cell488	cell489	cell490	cell491	cell492	cell493	cell494	cell495	cell496	cell497	cell498	cell499	cell500
AUTS2	1	24	6	6	12	8	5	32	6	5	18	34	8	72	59	23	33	23	7	36	7	54	52	80	80	60	82	45	34	72	36	39	41	73	44	57	18	36	47	29	43	71	77	66	49	26	19	75	122	74	34	46	20	15	22	20	51	39	73	30	5	33	12	85	7	59	45	53	22	71	18	36	42	18	24	27	10	13	24	40	34	13	10	12	25	8	17	3	28	20	22	20	76	1	4	18	4	16	25	5	7	28	10	2	42	33	4	6	8	22	32	82	28	11	19	21	17	1	19	7	27	2	3	16	7	15	6	15	5	30	19	3	38	0	2	5	12	14	9	45	35	26	35	56	24	32	26	24	30	27	52	15	26	12	5	24	20	44	24	17	27	6	22	61	10	18	45	41	41	12	36	13	6	45	24	29	30	30	15	50	9	38	33	18	17	37	60	24	28	44	21	42	22	39	6	21	19	6	15	21	15	38	27	51	29	9	71	28	37	17	51	9	40	48	62	16	42	23	69	20	38	36	26	31	8	20	38	33	34	23	22	28	51	19	30	38	4	29	22	44	18	38	11	46	15	38	23	12	45	36	14	39	76	45	23	47	54	16	43	35	19	30	58	22	9	12	29	28	63	27	30	24	44	34	72	24	41	28	39	20	42	57	45	46	30	31	55	35	76	41	36	58	16	34	55	55	52	36	42	70	50	22	21	26	32	89	64	57	54	18	34	77	54	45	33	26	52	55	42	71	60	61	43	55	52	27	15	72	68	38	60	76	40	18	33	51	25	34	43	66	41	36	80	42	35	30	23	77	31	41	15	78	29	36	36	12	30	23	37	16	16	27	44	34	42	68	29	11	7	52	31	50	28	37	15	12	21	31	23	12	15	31	7	24	15	19	5	29	20	42	19	35	30	29	18	14	30	20	17	16	16	25	6	22	8	18	31	14	16	13	35	12	31	23	12	16	39	34	22	36	17	11	28	26	15	16	25	25	19	19	15	15	17	18	14	18	33	21	23	18	8	32	8	17	21	44	14	19	7	36	40	34	29	23	16	12	19	30	19	37	3	8	50	19	18	33	36	57	20	8	38	68	48	74	45	71	35	26	41	35	24	24	30	47	57	18	48	60	20	43	38	59	69	30	22	50	46	32	19	39
CACNA1C	0	0	5	1	0	8	15	7	6	3	0	16	10	0	3	3	0	0	4	2	0	11	1	0	3	5	4	0	9	0	3	0	3	1	0	1	0	1	5	3	1	0	0	2	1	6	8	2	4	0	0	5	2	0	0	1	0	0	0	3	0	0	3	1	2	1	0	1	4	3	0	2	6	0	0	1	4	2	0	1	0	8	1	0	0	1	1	0	1	0	7	2	0	0	1	0	3	2	2	2	6	0	2	1	0	2	0	2	0	5	1	0	6	0	0	1	1	1	1	0	0	2	2	2	10	0	0	2	0	0	0	0	3	1	3	0	5	0	0	1	0	1	0	0	0	0	0	0	0	0	5	1	0	0	0	0	2	5	1	0	1	3	0	2	3	2	0	1	0	0	4	1	0	0	0	1	0	0	0	0	2	0	2	4	0	2	0	1	2	1	1	0	1	0	0	0	1	0	3	1	0	0	8	0	2	0	3	0	2	0	1	1	1	2	0	1	1	0	0	2	3	1	0	3	0	8	3	0	2	0	0	2	5	0	0	0	2	0	1	1	0	13	1	7	3	1	0	0	4	0	0	0	1	11	2	3	2	0	5	1	10	2	0	1	1	4	5	2	5	2	0	0	4	2	0	0	0	2	0	0	1	0	0	0	2	0	0	0	3	0	1	0	4	1	5	3	1	0	1	1	0	1	0	2	0	0	2	7	2	1	0	0	4	1	3	2	0	1	2	5	0	0	3	3	0	2	3	4	3	0	1	0	0	0	0	2	1	2	0	2	0	1	0	1	8	0	0	0	1	0	2	0	2	0	0	0	5	0	2	1	1	0	2	5	0	0	0	4	0	0	0	0	5	0	0	0	0	0	0	0	0	0	0	0	2	1	2	5	0	0	1	2	0	2	1	0	0	0	0	3	1	6	0	0	0	8	0	1	2	6	1	6	3	1	8	0	1	0	0	0	4	0	5	0	0	1	2	5	2	0	3	0	0	1	11	0	1	2	1	0	6	0	0	0	0	0	7	5	0	1	1	0	0	0	0	3	0	2	0	0	0	0	2	0	1	1	0	1	0	0	0	10	0	5	3	1	3	0	0	0	4	1	2	0	0	0	0	5	3	1	0	5	1	0	1	10	0	12	5	1
CALCA	11	29	4	1	1	7	1	0	5	2	0	0	0	1	1	1	1	2	10	19	20	9	11	6	21	9	6	32	12	11	12	9	8	19	12	19	7	11	6	5	5	14	39	43	29	19	9	22	8	16	30	11	27	5	18	24	21	26	40	10	11	12	14	7	29	52	19	6	14	8	18	14	13	8	18	12	9	39	26	10	19	1	39	29	35	17	17	26	20	13	16	3	12	21	13	17	8	10	13	4	18	15	22	19	14	23	13	10	35	39	22	24	22	27	17	34	38	16	38	21	33	11	10	9	10	5	6	17	32	16	45	12	16	4	10	12	14	42	10	8	10	12	11	4	1	3	5	13	2	9	6	0	2	4	11	18	6	12	24	3	6	9	17	13	0	2	11	10	6	18	16	11	4	5	9	14	5	14	7	10	9	11	10	4	7	10	7	8	1	7	3	9	7	0	12	4	1	0	4	11	7	3	22	6	5	24	8	3	3	5	15	15	6	3	1	6	6	4	0	7	2	3	2	3	13	4	6	8	4	9	4	4	11	0	3	9	11	4	1	6	10	6	3	14	10	1	4	7	12	2	13	3	23	2	15	10	26	8	9	8	3	8	19	4	9	6	9	12	6	23	1	9	12	16	5	3	9	13	2	6	5	42	4	6	28	21	17	12	20	7	9	41	3	16	15	3	20	3	6	18	4	3	13	28	12	5	3	6	6	15	0	18	0	5	14	4	2	18	6	8	10	26	4	6	1	12	3	15	5	14	1	11	7	13	6	3	0	2	9	5	8	0	9	11	7	4	8	4	20	9	3	4	7	3	2	1	1	5	1	4	3	5	10	10	5	2	3	3	2	6	7	12	4	1	7	3	6	1	4	1	3	7	3	3	11	1	2	2	3	2	8	2	7	4	0	6	5	4	5	2	6	2	3	7	3	1	2	9	2	8	3	0	0	8	10	1	4	14	2	3	3	5	2	5	3	3	2	6	5	3	3	1	1	1	0	0	4	1	4	7	7	7	8	7	1	1	9	1	6	2	1	2	6	2	1	5	1	0	2	6	0	5	0	2	0	0	10	0	1	5	4	5	0	4	1	1	6	4	2	1	9	5	0	5	1	3	1	1	0	1	4	3	0	7	7	1	2	5	3	1
CAMK2A	1	0	2	0	0	0	4	1	1	0	0	0	1	1	0	0	1	0	2	5	1	0	1	2	0	3	0	0	0	1	1	1	0	3	0	6	3	0	1	0	1	2	0	1	0	3	4	1	3	0	2	1	0	3	2	0	0	2	2	3	0	0	1	0	0	0	1	1	0	1	3	4	5	6	1	5	8	11	1	21	1	18	19	0	13	13	3	5	1	0	9	9	2	10	4	9	7	3	9	7	3	19	12	8	2	4	3	0	1	9	5	8	4	6	1	4	13	3	7	32	4	26	0	6	33	31	45	20	12	8	25	6	18	56	9	1	20	27	0	10	20	4	16	2	53	3	10	4	29	2	13	0	68	23	12	19	7	27	15	19	23	30	13	6	10	10	8	14	0	12	10	2	7	5	0	11	10	3	12	35	0	5	18	1	3	4	0	3	0	24	12	7	1	4	2	6	1	0	7	13	10	2	20	2	13	3	1	0	3	9	8	9	9	8	1	6	12	51	14	2	15	4	3	5	0	2	0	1	8	0	0	7	20	8	18	3	0	1	3	1	11	1	37	0	1	0	2	0	1	1	2	1	0	6	1	3	1	9	4	1	1	8	5	2	9	7	0	10	14	3	12	1	1	5	2	9	3	7	0	7	13	5	22	4	0	12	15	4	1	0	2	0	14	7	18	16	0	21	4	2	17	8	1	52	3	5	3	28	16	9	4	14	7	27	21	15	0	3	51	12	3	13	3	9	36	0	13	19	3	19	2	19	22	5	1	2	1	4	10	4	18	28	11	10	1	6	12	15	5	9	1	11	6	16	5	20	4	20	0	13	22	14	41	19	3	26	6	31	41	3	18	5	0	7	10	0	0	7	0	18	14	0	19	27	8	8	15	9	3	20	7	4	1	1	0	3	0	8	1	7	7	7	2	2	4	18	0	2	0	2	3	23	0	7	12	8	4	0	0	2	3	3	11	7	17	8	1	12	0	36	9	1	4	1	4	33	1	33	15	0	14	14	12	17	1	21	9	6	30	4	9	0	1	0	33	18	20	20	4	2	3	0	31	1	5	6	1	47	1	18	12	6	5	50	1	15	17	7	15	53	12	11	3	3	10	24	4	1	2	31	13	16	10	9	2	17	0	8	12	1
CDK1	7	25	15	5	5	9	10	6	8	11	5	10	2	7	6	7	2	7	14	3	5	15	3	5	3	7	6	9	4	11	6	9	7	6	2	8	10	9	2	14	5	7	4	6	6	2	8	4	8	9	8	6	8	1	7	8	3	2	10	8	19	9	10	6	4	6	4	7	2	2	3	5	1	8	9	9	9	6	2	4	9	6	9	4	4	3	3	7	4	2	7	3	4	2	5	9	5	5	6	5	11	2	4	8	2	6	7	6	5	5	11	11	3	7	3	4	3	5	4	5	4	5	4	3	9	4	2	4	3	5	4	6	4	5	2	3	5	5	1	2	2	7	9	5	7	5	3	6	4	6	10	4	3	7	5	4	1	3	5	7	9	10	8	3	3	5	6	10	6	7	4	0	3	5	2	12	11	4	10	6	6	11	9	1	5	5	6	2	14	6	7	7	3	4	8	3	7	3	10	1	8	8	10	5	2	1	3	7	8	6	8	6	4	3	7	7	3	6	5	6	10	8	10	12	0	8	5	8	9	8	2	14	8	8	10	17	6	10	4	17	6	4	8	0	3	4	1	12	7	5	8	4	6	6	0	5	10	6	5	12	11	11	10	9	10	3	7	2	5	2	3	3	5	3	6	3	5	5	7	9	6	3	8	8	9	8	8	5	5	4	5	11	7	2	5	7	6	12	2	4	13	4	3	9	2	5	4	0	8	6	11	5	5	7	7	4	3	6	12	3	5	8	10	4	7	9	6	6	4	8	4	9	4	1	5	11	2	4	3	2	9	8	13	5	9	7	6	4	6	4	8	9	6	5	6	7	8	12	7	15	4	7	3	5	9	1	9	10	8	8	5	12	3	11	13	3	7	11	11	8	5	3	12	9	3	10	5	4	7	2	7	7	4	8	9	3	6	9	4	9	17	12	3	3	7	8	8	6	10	1	16	7	4	6	8	10	16	14	6	12	17	11	7	4	10	21	16	1	9	17	7	5	22	25	12	20	10	13	14	21	13	14	9	13	9	17	12	23	14	8	10	15	25	15	5	8	8	11	13	16	10	10	2	11	7	14	9	19	10	3	15	10	13	13	13	17	2	10	6	23	19	7	15	31	6	29	20	22	17	10	10	20	17	11	18	14	21	15	31	11
CDKN1A	44	173	185	136	64	102	155	101	149	151	127	125	85	91	119	94	135	90	105	76	143	163	165	127	155	144	160	163	156	186	149	165	131	199	158	159	108	192	157	129	139	135	129	102	130	85	95	90	75	38	55	69	64	71	56	78	61	28	31	41	51	23	18	24	28	35	36	24	30	29	25	37	45	64	68	80	63	68	83	50	57	42	56	72	58	67	53	56	52	29	47	68	60	55	40	65	44	62	80	59	69	62	54	37	38	22	38	23	29	42	30	36	19	37	30	33	24	30	20	25	22	30	30	17	29	20	24	11	21	15	11	21	25	15	19	12	19	15	18	20	23	21	26	21	22	18	25	17	10	13	12	26	17	21	16	13	17	25	25	11	12	15	15	14	13	19	27	17	17	10	7	26	20	19	22	18	21	9	23	17	22	15	14	18	25	17	6	12	15	11	15	15	17	16	17	13	17	8	23	13	20	17	22	19	16	17	17	19	17	18	17	16	10	18	9	14	20	10	15	16	19	22	19	19	16	18	16	15	12	11	14	13	15	9	10	10	12	20	22	14	16	6	11	18	16	12	12	19	9	21	11	14	18	20	18	18	14	21	19	18	16	13	10	11	14	20	18	9	17	6	8	12	9	14	14	6	17	5	15	10	12	16	11	7	10	9	7	10	10	16	8	17	7	18	20	24	22	14	8	15	10	18	13	9	21	21	21	26	6	17	6	22	11	7	19	15	17	17	17	9	12	18	10	8	5	16	14	13	13	25	9	13	13	9	18	9	12	23	14	10	16	26	9	17	11	13	8	13	16	6	16	5	15	8	16	14	19	15	11	16	8	11	4	15	8	12	11	10	13	11	11	6	10	7	8	10	16	15	19	9	14	13	9	18	12	12	12	10	12	6	9	6	10	15	3	13	13	6	5	9	8	7	7	6	5	8	12	9	5	7	5	9	10	10	5	3	9	8	6	7	13	18	9	8	7	8	9	12	15	9	7	19	9	1	7	7	9	17	7	9	12	5	5	2	9	9	6	8	6	16	13	9	12	13	7	7	6	5	10	7	8	9	9	4	5	5	4	5	12	3	6	8	2	6	10	5	6	16	7	5	13	5	3	10	15	12	8	14	8	12	12	12	7	6	14	9	7	21	8	11
CNTNAP2	30	9	37	13	12	4	4	26	11	22	1	29	5	16	18	6	3	6	16	1	5	11	4	6	12	3	10	11	9	15	7	12	24	6	10	2	3	17	27	7	29	17	9	35	18	32	24	15	9	6	12	27	37	41	6	42	28	12	3	15	22	37	7	7	40	14	6	7	28	25	24	24	10	18	31	12	28	19	3	4	12	16	15	23	2	1	9	21	23	34	6	1	25	13	32	2	14	15	12	12	37	19	36	5	15	18	8	3	26	34	3	22	15	60	15	23	21	42	61	17	47	18	77	32	38	26	22	2	28	11	39	38	11	7	22	22	46	16	4	25	10	14	14	35	22	19	8	18	13	17	45	25	0	46	16	10	1	17	36	19	43	33	30	33	41	2	24	0	11	9	16	36	5	8	13	6	29	0	22	6	6	13	6	17	12	14	2	6	6	12	5	13	1	5	4	27	0	13	1	5	0	8	5	30	0	11	17	2	22	5	9	14	10	8	12	5	5	10	1	3	10	11	4	2	4	10	7	1	11	2	12	12	2	6	1	4	4	13	9	3	13	15	7	15	4	20	8	11	1	5	9	17	9	6	10	8	5	3	15	9	11	5	14	2	12	8	16	4	7	3	3	6	9	10	10	8	7	9	2	25	0	10	10	3	7	10	9	0	3	3	1	4	1	1	8	6	13	6	4	3	19	1	2	5	4	5	5	2	11	0	4	13	9	4	5	9	15	0	3	10	8	9	2	9	14	8	20	4	6	9	6	0	8	5	10	12	3	18	3	2	0	17	13	6	8	14	3	13	8	6	23	11	8	5	14	13	0	8	3	7	8	3	5	21	12	14	3	9	17	4	5	3	21	10	12	29	10	14	11	1	3	4	0	26	4	19	9	6	8	19	6	12	3	3	9	3	9	8	2	9	3	1	3	4	8	9	6	8	1	2	13	7	5	3	10	13	1	7	3	17	11	7	12	7	3	3	6	5	6	17	2	7	17	10	1	7	18	9	10	11	4	23	7	3	8	20	9	6	16	0	5	14	9	2	2	7	8	4	21	8	13	14	20	0	23	7	13	5	12	22	13	3	15	11	2	2	0	9	9	1	6	13	17	6	4	6	8	21	4	10	16	20	28	16	2	15	5	16	19	6
ERVW-1	19	16	23	5	11	49	49	30	48	36	41	43	27	40	64	6	16	20	15	40	16	22	28	7	21	9	13	7	32	52	42	50	38	35	32	29	36	38	34	37	40	31	26	31	38	19	53	45	35	71	31	63	56	51	45	45	46	67	49	60	43	46	32	33	27	19	38	29	24	38	61	63	67	55	45	62	74	44	70	44	95	91	78	75	70	83	82	88	103	37	85	104	70	86	103	136	107	117	102	118	141	99	110	70	112	116	76	47	138	102	74	65	76	151	88	97	121	67	92	124	107	78	97	109	75	108	116	100	122	87	162	143	79	104	90	75	104	115	58	126	90	100	86	144	141	107	78	117	97	108	48	109	119	127	107	97	71	135	111	147	143	119	132	79	87	59	91	71	74	60	90	81	86	61	120	96	114	109	123	72	109	82	137	114	100	82	103	73	105	113	92	110	143	67	102	96	107	117	147	118	114	80	128	86	122	72	75	87	160	116	123	116	151	121	87	77	53	63	132	93	68	88	58	127	83	106	58	67	100	74	56	85	97	82	80	60	73	101	62	66	74	93	66	65	44	47	92	74	52	77	79	70	40	112	120	67	54	106	91	56	104	66	131	86	48	64	71	81	46	69	125	66	86	96	49	80	76	93	122	108	75	73	93	115	49	56	95	104	89	83	58	86	102	39	53	163	102	88	83	111	97	84	95	163	132	124	106	76	123	131	81	97	122	101	131	95	89	68	87	139	125	139	135	113	47	84	140	100	174	128	107	122	64	129	159	71	112	119	106	86	108	159	146	148	172	91	100	109	57	85	105	66	84	79	144	112	120	112	62	170	107	131	156	135	121	109	100	180	151	156	201	181	134	169	100	182	152	153	168	118	150	152	217	121	114	213	170	160	135	159	109	93	144	84	139	115	108	140	162	158	113	145	78	152	100	135	163	115	98	158	73	65	77	119	149	112	104	160	166	132	177	153	160	138	144	182	155	165	176	156	167	160	173	108	182	222	132	190	183	127	167	157	157	177	144	142	106	145	137	158	142	155	182	184	142	133	171	198	94	149	126	134	102	151	103	128	138	157	97	101	142	170	160	176	139	174	116	184	129	167	122	175	154	155	173	136	173	133	181	172	188	177	148	135	112	106	176	177	115	137
FGF2	48	123	60	133	104	104	70	99	57	63	11	18	25	35	50	100	109	80	111	83	42	41	78	35	33	32	40	24	48	26	33	74	22	27	80	103	44	67	71	74	84	89	108	73	57	45	30	30	17	32	24	22	5	29	33	24	32	25	24	18	29	26	19	21	27	38	32	24	23	24	9	16	26	30	16	36	29	14	33	17	21	18	20	29	19	26	26	24	18	17	26	32	10	11	25	29	30	16	26	20	19	28	17	11	27	20	32	27	23	31	30	30	15	25	31	23	29	23	21	17	20	18	23	24	33	17	27	31	16	23	28	28	23	28	25	26	26	18	23	19	16	24	11	10	9	17	25	19	10	22	21	25	16	18	23	15	22	16	25	13	16	25	24	20	5	14	28	21	19	6	19	18	18	17	22	21	17	21	21	14	25	8	16	18	21	21	15	26	16	22	13	18	19	14	25	8	11	16	16	14	19	18	16	23	20	15	19	11	16	23	9	17	18	14	19	19	15	9	12	14	11	21	22	12	23	8	18	10	12	11	21	21	18	18	18	20	13	17	8	4	18	15	26	13	18	17	18	8	17	8	10	18	13	16	16	15	24	17	22	15	17	7	11	6	16	15	24	16	16	14	12	5	4	16	18	14	5	11	12	22	7	16	15	13	13	18	19	11	16	16	21	18	16	9	30	13	7	23	16	13	17	20	16	15	17	12	14	12	25	18	10	20	23	18	14	15	12	20	12	13	11	6	16	6	12	15	26	17	14	20	10	19	15	27	7	13	20	18	15	11	16	9	16	14	11	10	12	21	18	7	20	18	21	2	16	19	15	8	16	13	12	8	15	10	9	15	18	11	12	13	17	24	15	15	27	15	12	15	10	18	19	15	16	12	19	19	14	21	8	19	17	25	19	15	11	18	12	15	22	21	32	6	8	17	12	17	17	16	19	8	15	12	6	10	7	23	18	11	17	19	8	12	18	25	23	19	18	15	17	14	19	19	14	16	20	24	12	17	18	17	20	9	20	16	13	26	10	14	28	15	17	18	25	11	23	13	20	16	12	20	18	14	5	13	9	9	15	24	7	26	17	8	17	14	17	14	18	12	16	11	7	18	19	18	9	13	10	6	11	17	7	17	14	7	16	17	6	8	10	15
FMR1	4	2	1	4	15	8	6	3	2	9	12	13	13	13	6	5	9	9	2	4	6	1	2	11	4	8	6	3	2	7	2	4	6	7	2	7	9	7	4	2	8	8	8	6	4	4	6	5	10	0	14	11	8	19	13	6	2	6	8	8	9	10	6	8	8	11	5	18	7	7	6	7	10	2	9	7	9	8	8	12	8	15	10	8	3	4	7	13	8	9	6	9	3	12	10	4	5	10	7	6	11	5	10	3	9	13	5	8	7	9	16	6	10	6	7	8	10	6	6	11	6	12	11	3	22	4	13	12	8	15	6	6	6	14	5	13	14	8	1	13	8	11	6	7	7	3	9	5	6	13	8	7	6	9	3	15	5	2	8	1	2	9	6	6	9	9	19	11	9	5	7	21	11	16	6	10	25	11	35	9	17	14	13	12	12	10	16	20	20	39	24	17	20	37	15	36	26	32	24	23	49	29	42	43	57	33	50	54	13	14	39	19	22	33	41	32	20	20	7	49	31	38	27	43	22	20	19	33	28	10	19	20	23	14	32	39	29	20	66	37	48	22	42	62	33	51	27	37	61	39	62	28	31	54	62	51	43	19	54	29	38	73	53	51	47	33	55	30	37	23	28	23	20	53	35	53	14	15	29	24	22	15	22	25	32	32	11	24	31	18	7	48	15	23	12	33	20	44	28	43	38	8	7	28	21	11	13	17	29	18	17	21	9	72	35	34	23	28	49	34	29	27	46	44	48	41	37	30	37	54	30	55	32	24	23	44	25	48	12	73	43	76	61	33	63	24	57	46	62	40	33	22	25	63	78	104	51	32	48	67	43	21	94	60	116	37	65	33	12	75	41	61	66	8	61	41	71	68	36	83	64	38	75	51	47	53	21	73	69	56	91	21	50	63	46	82	62	51	78	61	49	65	45	40	21	52	34	20	26	95	78	63	76	62	55	39	61	109	65	57	68	63	67	101	103	41	58	65	78	74	31	54	44	70	65	36	29	58	78	38	53	47	11	28	56	128	73	62	63	39	39	82	56	24	30	32	50	81	43	34	38	87	44	39	27	25	35	53	40	41	61	28	63	24	19	55	54	24	44	36	41	26	25	37	23	51	51	11	40	24	23	50	12	25	16	28	42	51	31	38
FOXP2	135	26	123	50	83	129	184	121	159	112	189	188	146	81	292	349	254	294	199	322	195	56	156	93	181	224	227	99	89	163	137	161	127	107	303	145	90	154	269	139	121	305	247	119	401	222	199	285	324	395	372	379	244	249	334	29	328	187	101	147	283	197	348	89	171	190	139	137	222	141	116	158	221	133	93	131	96	147	33	66	101	58	115	213	151	204	143	144	224	237	77	109	78	99	44	189	180	88	97	69	74	106	214	66	42	418	217	269	145	77	91	236	45	291	61	309	279	74	381	135	101	144	241	126	128	334	293	259	289	315	217	156	348	171	187	186	221	193	127	423	121	390	334	204	218	199	87	212	223	279	268	261	259	121	170	383	153	437	154	253	368	118	142	179	190	201	37	383	141	112	351	265	151	134	332	187	178	236	116	1766	96	177	242	228	409	117	257	251	378	41	415	136	156	481	316	302	298	665	224	208	274	237	1034	232	597	276	408	242	376	166	414	404	342	163	437	410	183	671	108	1092	62	197	375	308	167	397	77	288	88	601	222	243	407	139	462	160	305	199	207	1150	184	248	348	402	333	203	245	167	266	407	154	46	4384	83	1167	232	647	273	210	1363	196	388	434	227	2016	199	408	158	230	373	343	951	259	537	178	827	244	376	397	314	185	244	494	592	243	423	367	320	303	478	90	860	438	205	533	211	469	222	250	158	238	315	204	304	88	137	261	938	181	225	114	263	179	1401	142	314	176	515	190	157	167	164	329	385	183	770	140	1188	91	255	85	388	437	360	141	360	481	192	465	324	296	111	468	239	470	184	385	239	637	235	271	520	219	1539	185	692	253	339	102	1829	133	2053	217	338	621	677	984	248	776	331	522	243	1137	247	897	179	306	300	135	251	1194	130	329	255	2522	142	1563	178	197	292	439	219	544	727	304	355	276	298	257	184	188	434	176	631	146	161	336	252	1090	202	508	150	108	342	266	254	250	138	603	268	217	248	579	475	469	152	426	402	224	392	416	152	324	544	389	245	149	301	331	302	513	309	364	289	277	140	273	430	214	118	103	236	92	770	294	281	338	80	331	334	493	55	255	520	109	156	369	104	149	217	394	287	124	269	117	281	332	138	176	217	123	141	145	238	105	148	88	95	208	91	22	537	210	121	165	130	141	167	55	18
GCM1	0	0	0	28	0	1	9	25	3	14	10	30	0	6	3	13	16	0	21	20	45	2	0	0	0	31	0	7	2	0	0	1	0	0	0	0	2	0	4	9	0	14	0	6	0	0	0	14	0	0	1	2	15	0	0	0	5	0	0	20	1	0	16	2	10	30	31	0	45	0	21	9	0	0	26	0	0	2	1	0	26	23	6	30	2	2	1	5	12	0	9	2	0	0	0	25	0	2	0	8	0	0	2	0	7	20	21	0	0	0	0	3	0	2	0	23	1	2	0	0	0	7	21	0	0	0	0	0	2	0	2	1	0	1	0	3	1	0	2	0	2	0	0	0	1	2	0	0	14	1	0	12	0	2	3	9	0	6	38	14	12	16	12	2	7	5	1	4	0	7	0	2	5	30	0	16	0	10	4	13	0	3	0	0	33	39	0	4	27	51	18	16	29	7	0	50	0	40	0	0	6	0	40	1	0	27	35	34	45	6	29	22	0	24	0	2	0	0	11	0	7	0	44	4	0	14	0	1	0	1	7	25	1	1	0	4	11	0	2	2	2	1	0	0	0	0	1	9	0	0	0	3	0	0	0	21	7	11	20	0	0	55	43	1	0	5	44	0	35	47	16	9	0	4	0	0	5	1	0	28	0	9	0	0	0	25	86	4	6	26	1	0	2	12	0	0	0	3	19	22	38	34	35	7	28	0	1	43	12	4	11	0	0	6	6	4	0	0	1	18	0	0	1	0	0	2	3	15	11	0	0	0	0	0	11	34	3	0	5	1	2	9	5	40	7	27	0	32	0	0	0	1	2	21	5	0	1	1	22	6	0	10	9	9	7	0	0	14	0	2	1	0	2	2	0	0	4	28	18	4	4	1	3	14	0	1	0	5	0	24	0	10	2	6	20	16	0	34	3	4	0	12	3	23	20	4	30	21	1	1	28	2	0	42	28	19	0	27	0	31	0	3	7	0	0	1	0	24	0	1	0	2	0	28	0	1	1	9	1	2	0	0	2	2	22	0	26	48	0	6	46	7	6	0	2	50	0	0	0	1	0	0	0	3	0	0	3	25	2	0	2	3	55	1	1	0	34	1	1	14	0	39	6	5	0	0	4	54	20	1	0	0	22	1	0	9	0	0	25	2
GFAP	47	168	124	129	147	156	171	132	121	88	96	32	41	37	51	60	175	128	111	132	80	143	118	97	84	94	134	99	98	66	49	76	75	61	64	60	56	61	77	76	71	66	70	64	44	45	45	45	41	67	54	35	27	30	30	19	18	23	19	48	47	68	63	52	86	125	107	113	86	65	42	61	41	44	45	45	58	43	39	48	29	22	16	20	24	26	24	20	32	21	22	17	13	29	20	22	15	21	14	14	18	19	25	15	22	32	19	24	33	26	39	16	31	24	19	31	35	24	35	46	31	56	39	28	41	32	44	40	41	24	23	16	26	25	21	25	35	33	24	25	34	36	30	20	21	27	33	25	45	38	31	35	34	42	42	55	37	38	30	50	42	41	36	41	43	36	41	48	51	33	50	46	33	34	26	30	30	32	54	40	35	19	37	42	20	25	30	14	22	26	12	27	27	24	41	29	16	45	39	42	32	36	28	25	31	34	25	27	27	15	23	21	19	17	21	13	14	22	19	22	23	20	10	17	25	22	23	22	24	30	27	18	15	34	29	24	24	23	25	23	24	16	21	31	29	21	20	20	20	29	16	27	30	14	29	29	32	26	29	18	25	23	20	14	26	32	21	27	26	23	17	29	20	23	30	22	22	25	30	18	27	23	16	23	23	27	26	30	19	26	22	28	19	27	32	16	24	16	24	24	22	15	27	23	27	17	25	18	18	14	24	21	19	24	23	17	13	27	26	19	21	15	16	24	16	26	16	29	24	17	22	17	19	23	19	29	24	40	27	24	31	27	29	35	30	35	34	38	35	28	18	19	32	31	28	23	24	30	29	32	28	27	28	24	23	32	33	41	29	27	24	28	32	29	26	25	30	33	36	27	16	33	30	30	39	29	36	33	35	26	32	40	19	32	30	24	28	28	31	30	35	24	28	42	37	50	42	44	44	47	72	35	38	31	48	41	35	30	43	39	49	41	46	62	54	50	44	47	38	52	50	54	44	47	59	60	63	64	70	64	60	56	68	76	91	107	102	93	86	91	88	85	80	85	76	103	92	95	127	97	125	94	103	83	79	88	88	95	88	66	58	82	76	69	59	55	46	40	44	45	47	63	44	45	38	43	36	50	51	57	32	48	45	48	45	46	60	50	44	45
GRIN2B	16	6	19	80	11	16	25	18	9	31	33	8	38	9	39	27	67	33	21	12	17	13	36	21	31	14	11	42	88	19	16	13	9	19	15	46	17	60	46	91	29	16	17	37	33	23	28	8	96	94	26	42	55	34	5	9	12	53	28	44	93	63	6	59	42	31	35	45	12	20	8	52	32	11	6	6	16	14	40	26	13	27	58	14	13	28	42	73	38	51	46	17	61	12	15	34	52	20	24	29	44	40	41	2	22	37	53	15	5	11	52	25	40	18	63	15	16	70	6	61	104	88	101	43	54	97	34	49	70	68	86	63	83	50	60	92	57	67	41	38	52	84	118	50	24	15	58	49	65	38	35	88	58	66	55	83	51	31	65	56	33	32	75	54	118	36	77	40	70	56	94	61	49	85	71	50	71	70	139	88	86	36	99	52	185	53	64	78	69	52	83	82	69	103	72	61	95	73	60	92	116	70	92	171	118	123	70	117	39	128	99	62	99	47	96	44	67	55	32	75	58	101	161	78	144	89	56	96	66	60	26	70	93	114	59	100	88	145	89	86	94	93	109	36	43	88	55	118	108	95	78	114	35	65	55	56	40	65	144	62	83	30	75	105	91	71	83	111	48	89	59	20	108	111	54	42	46	30	133	53	40	103	76	152	58	26	66	41	72	18	65	101	60	89	123	115	73	45	78	139	134	30	44	55	25	55	59	42	58	22	65	69	63	88	59	12	36	76	30	32	50	29	64	49	37	50	53	28	79	35	67	43	71	56	85	56	74	75	130	30	89	22	67	62	58	114	29	42	97	92	90	65	53	79	23	100	51	78	82	47	68	60	86	48	118	45	86	78	100	27	104	125	33	70	15	29	37	18	103	108	51	86	123	123	56	78	67	54	88	45	61	57	61	90	69	45	37	49	42	33	54	27	87	50	25	74	31	72	32	75	25	36	34	41	67	16	13	72	61	56	79	57	36	66	12	45	54	13	113	20	44	46	28	50	52	57	60	48	65	51	26	26	44	30	35	32	14	61	33	19	65	24	85	41	17	35	48	34	81	43	34	26	10	48	16	23	32	22	8	66	52	45	24	22	80	56	78	75	22	88	36	35	53	26	21	23	21	32	27	56	49	69	46	18	40	45	18	11	41	20
HDAC5	14	25	55	23	86	53	47	32	60	274	142	36	67	17	46	38	101	67	70	157	40	81	11	29	56	66	18	41	17	66	68	117	141	100	19	93	90	197	64	245	95	128	210	98	336	60	186	102	66	31	61	45	95	202	66	101	79	21	796	51	1129	38	179	82	163	197	579	54	263	179	47	81	427	147	52	498	58	400	111	111	15	389	223	327	302	42	282	70	145	102	143	239	70	237	51	614	768	29	150	44	66	109	246	58	116	255	18	987	100	267	174	424	58	42	125	176	394	33	100	68	178	39	591	102	191	64	40	37	42	109	124	2	246	35	118	42	187	23	70	80	39	48	54	27	144	46	23	109	52	98	41	44	134	30	75	46	172	182	79	126	98	37	67	57	147	121	47	100	16	54	119	38	105	75	205	62	41	15	39	109	41	52	9	18	112	54	299	22	79	74	309	68	140	47	71	41	27	64	43	37	15	13	52	57	26	16	14	76	24	43	86	43	95	43	143	41	24	47	38	50	20	19	67	23	13	93	33	45	26	25	18	43	78	15	39	69	32	28	6	41	42	23	39	57	21	25	13	20	93	73	36	92	24	25	108	42	33	12	86	62	25	40	31	39	85	23	5	58	40	37	23	48	19	66	18	24	10	55	11	71	45	25	32	45	83	21	41	57	12	66	108	98	37	49	24	64	12	18	80	74	11	18	72	52	36	51	16	50	14	32	55	91	23	31	14	26	24	21	16	53	187	64	15	32	41	18	39	65	83	21	41	68	22	27	40	28	20	52	78	37	52	91	12	37	35	19	49	33	25	12	35	63	25	15	13	41	32	29	19	39	21	49	21	18	65	21	5	29	11	30	54	20	38	27	95	60	33	30	103	34	58	55	40	33	79	30	23	10	62	33	41	57	50	60	14	47	101	34	63	48	52	57	25	43	142	72	54	48	81	33	26	47	15	32	85	30	130	42	28	70	92	44	99	18	25	82	91	55	123	8	137	12	88	62	42	34	106	83	52	67	82	139	60	91	124	92	16	30	117	146	252	276	99	72	54	47	64	53	50	59	200	82	82	57	6	39	135	133	68	92	64	72	145	352	47	106	67	247	72	37	26	37	25	14	13	17	18	11	125	43	132	79	46	56	61	33	35	20	54	20
HRK	3	10	3	0	8	9	3	2	6	1	3	0	2	3	4	4	2	6	4	1	6	11	3	9	2	4	5	3	4	1	0	0	2	6	19	8	3	5	1	3	4	5	1	12	18	17	6	9	10	14	9	15	14	21	11	5	13	14	16	17	4	13	3	11	13	5	9	4	4	4	13	3	9	6	1	6	4	0	1	1	0	3	9	0	3	4	4	4	0	3	2	0	3	2	5	0	6	2	7	4	1	1	6	1	3	3	4	4	0	1	0	3	3	3	0	2	8	0	6	0	2	4	1	4	1	3	2	2	2	1	2	2	4	1	8	8	4	7	8	5	2	5	5	2	6	3	1	5	2	2	3	6	4	4	10	3	11	6	3	2	5	6	6	2	10	10	6	1	9	6	1	7	19	9	5	6	19	14	12	7	17	3	4	3	8	6	7	6	12	3	9	22	13	4	14	11	10	10	3	5	2	2	2	3	7	8	5	7	4	0	1	4	7	5	5	10	0	1	5	4	0	1	9	10	11	6	1	5	2	4	2	11	1	9	14	7	10	13	6	4	3	3	17	0	4	27	9	7	19	1	11	2	11	9	1	1	11	3	11	4	7	14	6	3	9	14	5	8	17	4	7	18	3	2	3	6	7	11	9	10	4	13	3	11	8	4	4	3	2	5	2	3	3	9	2	7	4	3	5	7	6	2	3	4	9	6	8	3	5	5	3	3	0	10	5	5	8	6	2	7	5	4	8	5	3	1	1	4	3	7	5	8	0	2	6	7	6	1	1	3	8	0	1	4	10	6	9	4	4	7	1	2	10	0	2	5	8	2	7	3	6	16	7	8	3	8	2	4	1	8	9	13	5	12	4	4	12	4	1	3	9	4	6	9	18	3	14	5	3	13	3	0	5	4	9	3	10	3	3	4	16	5	2	14	9	2	11	9	16	5	12	12	8	3	7	17	14	6	23	32	12	35	20	12	10	8	2	15	8	16	14	32	9	11	16	3	1	10	8	6	25	5	8	17	13	16	8	32	38	9	26	26	11	7	12	29	23	24	5	41	19	19	7	10	32	27	25	15	19	17	12	10	19	12	60	18	28	7	8	30	8	21	9	12	14	10	21	56	16	4	12	36	22	43	23	10	4	23	29	41
IGF2	41	8	30	28	78	77	38	110	93	66	97	113	136	128	59	89	124	117	40	26	99	120	98	150	158	122	132	69	127	194	188	160	46	69	22	90	28	140	72	88	115	151	131	101	93	158	85	111	121	114	93	105	81	62	45	20	135	71	52	49	73	71	74	116	30	66	64	79	105	56	62	125	49	47	30	103	49	95	92	27	104	51	114	119	136	62	153	89	94	171	140	46	145	119	105	159	119	130	140	26	129	99	146	132	77	126	108	121	80	108	92	93	59	129	92	121	59	41	116	121	86	121	92	130	52	63	98	117	93	25	56	96	101	21	71	63	59	56	12	48	37	28	81	83	70	33	51	57	25	36	48	45	21	29	62	43	34	51	49	48	38	15	54	94	51	32	41	49	64	15	44	40	28	29	38	37	17	28	35	10	29	12	19	29	55	37	30	42	6	23	35	48	43	35	25	28	11	26	10	19	5	7	31	43	24	14	14	18	10	17	34	23	24	23	1	18	11	30	11	7	5	12	20	7	22	13	29	5	35	21	30	30	12	10	34	13	9	38	10	31	17	34	42	23	38	33	26	33	9	14	35	21	18	4	24	28	12	1	26	37	14	31	17	28	18	22	39	17	11	12	14	5	25	8	18	26	12	30	29	15	30	27	9	27	17	27	15	7	21	29	28	10	42	18	42	30	24	13	26	22	29	14	30	11	19	20	23	18	30	19	19	24	11	7	23	30	16	27	23	25	29	17	13	19	19	8	4	12	23	2	13	21	9	11	3	21	23	25	15	24	44	34	6	14	12	12	15	29	35	17	28	29	16	13	13	21	16	3	13	32	26	7	25	26	38	29	8	11	36	25	7	15	23	16	53	33	16	29	34	36	57	15	19	49	21	4	19	9	45	7	25	18	9	25	26	27	27	14	26	0	33	0	2	15	35	17	25	21	15	27	30	22	10	35	12	14	30	0	15	60	42	33	26	29	38	4	56	38	30	23	16	48	11	31	12	36	15	40	36	24	35	33	12	33	29	39	6	12	9	53	52	31	32	8	2	24	30	2	53	34	34	18	22	35	14	18	34	27	32	40	35	36	23	28	35	18	32	27	33	37	29	28	26	44	14	37	8	15	20	2	16	35	36	81	60	38	23	46	35	63
IL3	1	1	0	1	0	0	5	4	5	0	0	3	1	0	5	2	1	8	1	2	1	2	1	2	0	0	0	0	4	0	1	0	0	0	1	2	0	0	1	9	19	0	6	1	8	8	0	8	14	0	6	8	4	5	9	0	0	10	18	4	5	1	10	9	6	1	4	0	3	3	17	21	5	18	3	7	22	17	3	0	68	3	14	0	7	1	28	11	2	7	0	12	6	0	0	0	10	2	7	1	7	2	5	4	6	2	2	17	5	2	0	15	0	1	8	4	12	8	15	0	7	8	5	9	9	15	2	15	2	1	2	1	2	21	7	7	2	14	2	21	16	10	1	9	0	0	2	1	9	10	4	16	10	9	2	4	31	10	4	12	5	3	20	7	11	2	0	14	18	8	2	2	4	7	9	0	2	2	1	1	1	5	1	1	3	1	9	1	1	1	9	2	2	1	1	1	0	1	9	0	3	0	5	2	2	0	7	8	8	6	3	7	4	0	0	4	11	1	0	0	3	1	0	8	2	0	7	1	0	1	4	2	1	1	3	1	2	0	0	3	5	1	3	0	1	0	0	5	1	2	5	0	2	0	1	2	2	2	1	2	1	0	0	0	1	1	1	0	0	1	0	0	0	2	1	1	3	0	4	0	1	0	1	1	5	9	2	0	3	4	0	0	6	0	2	3	2	0	4	1	1	0	1	0	0	0	1	0	0	0	4	1	1	0	0	0	0	0	0	0	2	0	2	4	1	2	0	3	0	0	0	0	0	2	1	1	3	0	0	0	0	0	1	4	1	2	1	0	0	1	0	3	4	0	1	0	2	0	0	0	0	2	0	0	0	0	1	0	1	0	1	0	0	0	0	4	3	1	0	1	0	1	2	0	0	0	0	0	1	0	3	3	0	0	0	1	2	0	0	2	3	0	0	0	0	0	1	0	2	2	0	0	1	0	0	0	0	1	0	0	0	0	0	3	0	0	2	0	3	1	1	5	4	0	2	1	2	3	2	2	3	0	1	2	0	0	0	0	0	0	2	0	1	1	0	4	0	0	1	0	3	1	0	2	0	3	0	1	1	3	6	1	2	0	6	1	1	2	2	0	0	0	1	0	0	1	0	0	0	2	0	0	0	0	1	3	2	1	0	0
KCNIP3	53	50	13	62	36	80	56	2	5	14	80	7	70	88	22	127	135	30	54	40	23	59	134	23	64	41	22	106	317	157	14	140	20	65	12	21	53	32	50	53	8	11	21	44	1	75	71	38	47	96	63	25	8	28	17	34	71	31	38	50	45	26	15	11	4	29	86	86	38	20	70	37	43	107	83	144	34	46	79	160	28	26	39	39	125	72	49	38	60	22	53	52	74	15	18	39	7	48	58	35	80	26	5	44	114	33	13	57	12	14	24	57	90	22	51	23	92	3	22	39	35	150	150	60	66	52	51	42	82	11	87	25	123	41	72	20	28	66	59	49	13	64	30	46	27	45	81	59	7	70	44	60	57	120	10	28	20	18	47	40	1	12	124	100	36	57	5	17	16	71	27	71	99	57	39	14	44	35	43	89	103	42	109	46	56	53	166	11	74	22	62	96	66	22	3	6	45	10	82	20	104	23	173	54	64	57	46	37	51	99	35	39	127	20	4	70	57	76	31	21	68	32	51	13	33	64	79	24	28	11	82	19	32	12	17	113	44	16	100	62	76	15	16	139	32	70	38	78	45	69	121	35	23	13	16	7	522	21	115	215	21	55	412	70	94	56	171	128	241	161	177	65	49	155	66	124	72	135	200	117	62	121	145	102	83	199	120	170	190	127	63	111	103	85	52	57	35	221	149	68	93	108	105	83	244	60	134	60	105	168	101	107	86	12	155	111	181	118	192	142	234	107	181	80	118	58	55	27	13	84	207	18	22	22	14	42	53	26	54	5	6	14	134	32	99	97	22	93	29	21	32	64	69	7	13	69	38	25	86	22	65	41	5	154	75	80	29	28	112	10	91	27	58	29	2	76	43	81	21	79	30	49	24	61	51	0	55	44	56	29	109	53	2	58	38	27	115	34	9	34	25	62	7	56	69	81	62	33	69	11	84	79	58	8	100	125	148	79	137	33	39	46	226	42	61	205	46	30	79	97	30	46	56	131	92	86	34	22	50	90	68	55	11	132	34	55	305	150	205	150	101	75	41	15	44	507	331	207	39	102	29	97	37	5	33	77	28	53	120	58	27	28	26	139	15	65	56	49	57	69	51	23	8	63	1	26	32	13	29	73	12	13	17	15	92	12	38	27	73	16
KIF23	1	0	0	5	0	0	0	0	0	0	0	0	3	1	2	0	0	0	0	0	0	0	0	0	1	0	0	0	0	0	0	0	0	0	0	0	2	0	0	1	0	1	0	0	0	0	0	0	0	0	1	2	0	0	0	0	0	0	13	0	2	1	0	3	10	1	0	0	0	0	0	0	0	0	2	0	0	0	0	0	3	5	0	0	0	0	0	0	0	0	0	0	0	0	1	0	2	6	0	0	4	0	0	0	0	0	0	1	0	0	0	17	0	5	1	0	0	0	0	1	0	5	0	0	0	1	5	0	0	0	0	0	0	6	3	1	5	0	1	0	1	3	1	0	0	0	31	0	8	0	0	0	1	1	5	0	0	0	0	1	0	0	0	0	4	0	0	0	1	18	0	0	3	12	0	4	0	0	3	11	10	4	1	19	0	14	2	0	0	0	5	0	0	0	0	31	0	7	0	0	0	0	68	0	0	15	20	0	0	0	58	21	0	0	0	8	1	6	0	24	2	1	1	0	1	15	18	5	20	4	10	0	0	0	9	0	0	1	1	3	0	0	11	0	16	9	0	3	1	1	6	8	0	0	0	5	0	0	35	76	0	0	0	0	0	0	0	1	10	0	0	0	0	0	0	0	1	0	0	0	0	11	0	1	25	0	0	10	0	0	1	5	2	0	0	0	0	5	0	0	0	1	89	0	2	0	59	11	0	0	26	0	1	0	0	37	0	39	0	12	0	4	0	1	14	0	0	0	7	52	1	0	0	6	65	1	8	106	1	0	1	4	0	7	0	0	0	0	0	0	0	0	0	0	5	27	3	0	0	13	0	2	11	0	0	0	22	6	0	7	1	0	8	4	14	10	2	6	0	0	0	0	25	0	75	0	0	0	0	0	2	12	5	15	0	15	1	23	0	0	0	0	0	2	0	11	0	7	3	0	0	53	0	0	0	17	3	1	0	0	0	10	1	43	2	8	0	0	0	0	89	0	2	0	1	30	0	103	0	0	22	5	8	0	0	0	4	2	3	3	1	4	2	1	139	0	0	0	1	3	9	23	10	62	4	16	12	0	0	8	1	3	0	0	0	0	3	1	0	0	0	0	0	0	50	0	0	0	4	0	75	29	1	0	0	0	0	0	0	1
KRT27	0	87	0	14	6	1	0	0	10	0	44	0	0	67	10	0	0	0	13	0	1	0	36	4	0	0	8	0	0	5	0	0	0	0	109	40	0	0	0	148	0	0	0	15	0	30	68	0	1	0	0	0	0	0	0	3	18	0	0	0	4	11	2	0	0	0	8	0	0	0	0	0	0	0	0	0	0	0	0	0	0	0	0	0	0	2	0	1	0	3	0	0	0	0	0	0	68	2	2	0	0	0	0	0	0	0	0	0	32	0	0	0	5	7	0	0	0	0	0	0	14	49	0	0	0	0	0	14	4	2	0	0	32	0	9	0	0	0	1	0	0	0	7	41	0	1	2	0	0	0	0	1	4	0	0	2	0	1	3	0	0	0	0	5	4	1	0	25	0	0	0	0	0	0	1	0	1	59	0	0	0	0	0	0	6	0	34	0	0	0	0	0	0	0	1	0	0	1	0	0	0	2	0	0	0	0	8	0	0	0	0	4	0	0	0	4	0	13	7	0	0	0	0	0	0	1	0	7	2	0	3	0	0	0	7	0	17	17	0	0	0	0	0	0	0	0	0	0	0	0	0	0	6	0	0	0	0	0	0	0	0	41	0	0	0	1	0	0	0	7	0	0	2	0	0	0	0	63	16	0	8	0	0	0	0	0	0	0	0	0	0	0	0	0	9	0	19	0	0	1	0	0	0	6	3	3	0	0	0	0	0	0	16	0	9	3	0	23	0	52	5	0	0	0	0	0	0	0	0	0	0	0	0	0	0	0	4	6	6	0	0	0	1	0	0	0	1	0	15	1	0	165	31	0	0	0	0	0	0	0	0	0	0	11	0	0	0	0	0	0	0	0	0	11	0	0	0	17	0	0	0	0	0	0	0	0	1	0	2	0	0	0	23	0	0	0	1	0	1	0	0	2	0	0	0	0	0	0	10	6	75	0	0	38	0	0	0	0	0	0	0	0	0	0	0	0	0	12	0	0	0	0	0	42	1	0	0	1	0	15	0	3	0	27	6	0	69	10	0	0	0	0	0	1	0	0	0	0	4	0	0	9	2	0	0	0	0	0	15	0	0	0	0	2	1	0	0	0	0	0	9	0	0	7	0	42	0	0	0	3	9	1	10	0	6	0	19	0	0	0
ME3	9	1	3	1	2	4	6	13	31	2	8	1	13	11	18	4	4	11	10	11	24	16	7	11	12	0	9	5	0	5	3	1	4	1	2	1	4	3	1	1	1	2	1	1	1	3	1	0	1	2	1	1	3	0	4	11	8	2	2	4	0	2	6	2	5	5	5	2	5	5	0	2	1	2	0	2	2	0	1	5	2	3	3	0	5	2	3	6	3	3	8	5	7	2	19	6	4	14	0	4	4	4	6	3	13	6	9	9	9	2	4	13	2	13	15	2	3	8	5	3	5	8	1	2	8	7	2	12	5	2	2	5	3	3	10	10	7	2	5	3	0	7	1	5	3	2	1	3	4	10	3	9	7	3	10	3	4	6	19	5	4	8	7	3	9	8	10	5	5	7	1	16	5	4	4	6	3	3	6	3	2	4	3	3	2	5	7	6	12	5	5	2	6	3	1	2	1	7	22	7	2	0	5	1	6	3	3	4	6	2	3	4	5	1	1	2	5	2	4	2	4	4	3	0	2	1	1	1	1	2	3	2	5	1	4	6	5	1	1	6	1	6	4	1	1	1	2	4	9	4	10	10	5	2	0	1	6	3	2	2	0	3	1	6	1	2	3	2	0	4	7	3	6	1	3	2	3	2	3	4	2	7	0	1	0	4	1	0	0	2	1	1	3	1	8	2	3	2	2	2	5	2	3	2	0	5	2	2	1	5	3	1	4	2	7	5	4	5	5	4	2	7	3	9	6	4	10	2	0	5	7	3	8	3	4	1	6	6	3	5	4	1	6	4	5	0	3	3	3	7	7	5	2	4	2	6	7	0	3	3	2	4	4	1	0	2	4	3	1	5	4	3	4	2	2	1	2	1	6	6	3	1	4	0	0	4	1	1	5	4	4	3	3	1	0	3	1	1	0	1	2	2	0	1	3	0	2	1	1	1	3	5	6	2	2	1	2	0	1	5	4	3	4	1	6	2	0	2	7	7	4	2	3	1	1	13	7	2	5	4	1	3	3	3	3	1	5	5	9	5	7	4	3	4	5	3	4	11	2	6	5	1	7	10	2	4	6	7	5	6	21	10	5	1	6	7	2	7	2	15	9	5	7	8	11	11	2	3	3	7	16	14	14	1	7	3	10	1	9	5
MEF2A	60	25	40	121	130	200	176	124	148	233	183	216	153	178	185	158	97	109	116	131	109	174	164	159	168	180	198	190	195	204	180	191	222	239	213	202	170	183	188	167	167	205	205	216	191	188	188	191	161	196	173	205	177	189	185	215	168	175	181	159	166	119	135	102	94	85	50	49	47	28	60	84	91	120	113	96	138	116	123	144	129	131	135	130	104	123	135	131	133	98	64	44	96	73	90	102	93	71	96	90	93	80	74	72	86	103	81	87	71	91	87	68	52	55	54	58	43	56	59	69	59	50	51	53	91	57	51	59	54	55	49	47	40	35	53	67	69	74	78	77	87	116	121	130	91	100	107	149	117	121	134	146	127	118	125	142	122	124	147	112	127	120	108	114	104	115	93	80	93	73	81	120	114	88	119	111	127	155	116	105	118	112	125	107	93	103	100	79	88	98	102	110	124	106	118	111	117	78	86	92	65	94	56	89	58	87	88	53	78	74	69	94	87	53	132	104	125	99	96	104	79	56	81	72	70	69	95	55	65	64	66	71	38	63	53	41	47	63	52	71	48	38	45	41	43	39	34	44	63	43	53	46	53	42	34	34	37	29	40	21	28	27	40	28	26	24	42	28	32	30	34	36	27	22	23	37	36	36	42	32	42	37	40	46	54	42	48	46	37	30	30	39	47	50	59	70	56	54	37	39	42	44	37	48	60	48	57	63	49	48	60	60	51	55	77	66	83	76	57	59	46	70	37	58	58	61	77	61	59	29	47	59	42	42	59	61	41	53	59	59	65	67	66	55	70	48	66	75	51	57	45	52	43	51	64	41	69	93	73	71	76	72	86	110	122	85	79	72	117	115	107	113	75	113	122	141	138	121	148	81	119	129	122	115	99	91	97	104	110	70	98	105	80	90	103	105	95	80	74	104	115	107	90	112	114	106	74	82	99	96	113	109	111	73	90	120	83	118	99	117	121	124	114	117	122	143	133	113	136	151	150	142	131	133	140	135	154	148	132	118	152	129	161	90	116	139	149	158	140	153	124	172	153	132	142	108	154	130	166	145	155	190	166	145	192	182	206	159	155	153	176	195	167	161	172	110	176	153	152	137	136	166	139	186	165	165	114	171	152	129	144	114	133	141	114	124	126	122	107	116
MET	39	14	9	35	31	56	28	20	22	35	20	15	15	22	32	20	20	38	21	22	18	17	21	34	45	51	63	54	63	58	109	40	67	53	41	26	13	14	17	44	55	28	62	34	20	33	36	74	32	34	36	51	67	53	50	77	72	35	50	42	37	37	16	11	13	18	14	10	1	3	6	9	9	9	6	7	6	10	10	12	7	5	5	11	9	11	21	13	8	13	14	14	23	7	8	20	19	4	12	14	7	13	12	11	23	16	12	23	10	10	5	13	10	8	7	9	8	11	8	13	11	14	13	18	14	11	6	19	4	19	12	12	12	5	7	12	12	25	22	14	15	23	25	25	28	18	13	16	33	21	22	29	26	29	29	22	32	33	23	27	37	30	27	32	24	29	22	21	21	23	14	23	14	17	22	23	19	19	20	17	20	27	14	15	15	18	27	9	19	23	26	21	33	20	30	34	23	20	29	23	24	29	25	16	22	17	22	28	21	22	34	17	20	16	18	13	14	12	16	28	19	16	7	14	9	17	17	9	20	13	17	18	22	19	26	22	7	20	16	20	20	22	14	11	13	10	8	19	12	19	14	10	13	15	11	6	15	6	5	7	6	1	3	10	5	3	10	5	12	4	6	13	3	5	4	8	17	9	10	15	11	9	25	16	20	17	22	25	16	18	20	14	20	17	20	20	15	21	21	20	25	18	19	22	26	28	28	19	30	14	28	27	23	33	31	21	22	21	11	21	21	27	22	23	21	23	24	18	19	20	13	23	22	18	22	17	23	23	24	26	15	30	24	29	24	35	21	19	25	23	23	19	25	35	32	32	32	23	20	32	31	32	25	38	49	44	34	26	47	39	40	48	29	55	35	42	47	59	52	42	46	41	46	36	35	28	35	31	40	32	40	35	35	29	30	25	33	29	40	23	18	34	31	39	20	28	30	32	28	36	35	25	24	30	25	33	30	35	28	33	27	40	48	37	48	30	53	48	36	43	42	39	50	36	45	64	51	67	51	61	41	48	51	56	42	54	60	42	45	49	59	51	48	42	50	59	61	76	75	77	88	94	89	88	87	73	73	83	78	73	79	49	54	53	48	61	37	51	33	33	31	45	30	44	37	31	38	60	49	53	56	47	38	31	46	49	53	45	51	57
NKX2-1	34	14	44	13	16	34	67	99	44	78	42	25	23	17	10	11	3	9	8	7	19	10	14	14	16	11	19	1	10	16	10	8	15	10	15	9	20	16	15	7	11	7	12	19	8	22	3	9	14	14	3	5	9	7	16	5	2	13	19	6	10	3	7	19	6	12	12	28	11	4	4	10	8	11	9	7	14	8	7	17	14	11	11	8	10	11	6	12	5	6	3	7	5	4	11	12	6	4	6	6	5	7	4	10	7	5	6	12	8	10	7	11	4	3	11	8	14	4	12	10	6	16	5	13	9	3	16	13	9	15	10	6	7	21	10	10	15	12	14	3	16	8	20	7	6	5	8	6	15	18	6	9	9	9	18	13	18	19	7	11	7	10	29	17	1	12	12	5	14	17	13	24	24	12	23	33	31	38	30	32	19	39	12	26	29	43	32	13	32	17	25	17	29	24	21	13	22	17	26	24	13	16	15	16	26	14	23	19	17	26	35	24	18	40	42	10	24	24	31	25	16	14	13	12	22	16	28	18	14	6	16	23	7	21	22	14	15	35	29	14	38	25	25	29	28	23	55	30	25	40	51	14	34	39	56	47	43	27	46	38	42	41	26	29	31	32	30	31	54	19	21	18	23	30	30	22	29	20	38	23	21	29	30	30	41	17	19	25	25	24	27	22	28	14	23	20	26	13	3	16	19	11	27	11	33	8	18	15	24	32	25	14	32	22	20	19	23	20	20	10	12	15	14	16	15	26	18	32	15	11	31	8	18	8	8	13	5	31	27	15	22	19	35	5	5	19	22	19	17	7	9	21	16	28	46	28	8	14	19	29	22	31	33	32	30	23	14	35	23	18	15	6	21	18	30	16	21	37	28	16	34	22	17	37	25	20	12	12	17	21	24	12	28	16	11	3	10	9	10	8	10	3	20	9	15	3	21	12	12	12	13	10	11	14	23	9	10	23	11	16	9	16	7	10	16	31	11	21	10	17	17	7	21	14	19	5	19	6	14	14	12	21	10	20	19	9	15	10	7	9	11	10	6	14	15	24	7	21	22	4	11	23	29	13	14	9	11	22	9	6	15	7	14	9	9	15	8	10	10	8	21	21	10	9	8	12	10	15	13	6	7	5	10	6	6	11	7	5	11	8
NPFF	5	3	0	3	1	5	2	5	7	6	1	11	12	33	4	4	3	16	8	29	6	19	12	15	16	5	9	4	3	5	2	12	3	3	2	7	2	8	1	2	2	2	4	1	0	9	4	5	7	7	9	8	8	7	9	6	3	8	9	4	9	8	11	12	15	9	6	6	9	2	9	6	9	19	6	3	5	20	14	10	12	3	9	14	7	4	3	8	7	25	8	15	16	5	5	6	12	7	10	13	4	7	12	6	7	9	6	21	8	8	18	20	5	25	51	13	11	10	5	15	24	3	26	16	1	19	9	19	16	16	11	7	5	8	10	2	2	6	8	9	4	14	15	4	2	28	15	9	13	3	12	11	15	8	11	7	11	18	9	11	2	4	29	9	15	5	11	5	1	5	2	2	4	2	4	4	1	4	0	5	6	0	2	3	5	3	0	1	1	7	3	5	0	3	2	2	2	4	0	3	6	1	5	2	3	2	0	0	1	2	4	2	2	4	1	0	3	5	5	0	2	4	5	1	4	7	0	4	4	6	5	1	2	3	0	5	3	3	1	3	3	2	5	0	1	5	3	2	3	11	2	4	2	3	1	2	1	8	6	10	3	1	4	1	6	3	1	2	0	6	1	0	0	2	5	0	1	1	0	3	1	2	5	2	1	0	0	2	0	1	1	3	2	0	3	2	0	1	4	0	1	0	1	0	3	0	4	0	0	1	0	1	4	0	0	1	0	2	1	1	4	2	3	1	0	0	1	3	1	4	0	3	1	3	0	3	0	0	1	1	0	2	0	0	2	3	2	5	0	1	1	2	0	0	3	2	2	2	0	1	6	1	1	3	0	5	3	1	0	1	3	1	3	0	0	2	1	0	0	2	1	1	1	0	1	0	0	2	1	4	1	1	0	1	1	0	1	3	0	2	0	3	2	1	0	1	4	0	0	0	1	0	2	0	2	0	1	3	3	0	3	1	0	2	2	0	3	3	0	4	0	1	1	2	3	0	0	1	0	2	3	1	0	1	0	0	0	5	4	1	1	7	2	0	5	1	1	0	3	0	2	1	0	1	1	1	9	2	0	1	0	0	1	2	2	1	3	1	2	0	2	2	0	3	0	1	2	0	5	1	1	1	1	2	3	2	1	3	1	2
PDYN	32	127	34	89	72	76	109	130	136	132	117	197	151	104	145	93	91	53	125	71	72	74	62	21	24	23	14	11	12	13	19	28	15	18	29	23	21	13	14	15	11	16	10	12	13	8	9	9	19	16	14	11	14	16	21	19	8	20	13	10	11	13	22	11	10	9	19	17	13	19	14	18	17	12	11	12	18	11	11	9	20	15	10	17	23	12	16	11	16	23	13	18	13	24	10	12	5	16	10	13	26	15	12	13	4	12	12	16	17	15	11	12	17	14	22	12	15	14	21	17	28	20	18	8	15	12	19	12	12	13	10	16	15	17	13	13	14	9	16	10	14	16	13	18	18	8	12	8	9	14	12	13	16	14	12	9	11	18	15	12	13	12	11	13	18	13	11	13	8	24	19	28	13	14	20	17	11	11	10	12	14	25	20	16	31	18	9	10	25	19	14	16	15	21	16	18	13	20	13	9	5	23	17	10	14	10	10	10	6	8	9	13	15	10	7	14	9	15	17	20	18	15	10	23	14	19	14	14	11	18	13	21	10	22	20	20	17	16	14	17	13	25	30	15	27	23	13	15	11	14	12	12	26	20	31	36	39	29	36	40	46	79	56	34	51	50	67	69	64	42	52	53	54	68	71	60	77	70	68	69	82	92	96	93	81	83	89	83	61	79	52	67	72	83	80	81	70	80	68	58	54	72	91	74	98	96	75	90	78	64	90	64	68	68	64	73	68	64	45	79	81	74	96	97	102	65	91	89	72	95	69	76	59	79	81	93	32	73	73	60	55	66	55	82	76	84	56	59	67	47	88	50	53	76	70	42	50	41	27	31	47	23	28	28	43	33	39	30	36	29	23	38	41	42	39	46	50	56	50	47	35	45	51	32	37	29	50	43	63	65	63	63	62	65	83	74	72	79	106	73	87	97	43	99	82	117	87	79	73	49	99	101	77	74	49	79	91	85	84	61	50	54	64	76	74	56	48	56	51	51	69	61	84	59	68	61	88	92	49	50	35	71	52	70	70	72	70	74	79	97	75	69	58	62	72	80	78	74	59	52	69	78	64	46	109	91	68	81	55	84	117	105	92	98	85	103	52	68	80	71	105	89	61	96	89	53	104	104	95	114	128	101	116	98	82	108	100	122	103	138
PLAUR	14	46	51	13	16	62	64	34	38	27	11	13	40	90	101	47	97	52	51	28	23	24	30	18	20	24	12	37	37	36	54	30	76	86	43	43	111	75	63	103	84	107	105	102	92	95	94	122	150	123	138	95	80	117	83	108	135	122	100	86	108	104	79	87	107	114	73	104	131	56	69	117	62	59	111	117	49	61	85	105	113	111	147	138	92	109	121	128	173	177	143	158	102	169	153	109	127	96	142	115	126	127	125	155	131	135	132	112	83	129	119	137	110	152	109	110	60	66	73	108	88	114	127	117	119	78	76	165	123	87	57	97	68	106	76	88	78	48	92	81	157	81	108	111	86	51	120	32	68	126	45	39	129	110	99	62	130	85	91	96	79	91	95	54	165	136	101	51	97	50	143	73	75	95	79	75	91	56	51	91	31	52	98	64	64	35	112	71	71	89	108	98	144	110	74	106	98	122	114	80	85	113	82	95	105	128	128	90	144	169	95	77	128	142	96	101	104	94	95	94	122	91	97	155	143	109	140	104	124	69	99	100	92	102	50	108	90	84	68	120	77	129	62	95	76	66	58	75	55	66	78	89	60	68	82	59	60	80	66	52	93	90	84	81	80	86	67	95	73	93	71	81	65	91	74	83	70	82	58	76	74	73	83	111	87	109	97	82	97	104	82	81	86	70	85	97	80	99	64	87	78	70	85	93	65	58	72	27	52	84	59	63	77	96	81	61	66	50	49	64	78	75	77	85	54	60	79	91	98	91	94	55	87	91	105	70	98	94	70	89	88	115	97	70	105	135	85	88	106	106	64	86	75	95	99	96	88	61	85	67	119	106	92	92	64	74	94	96	91	84	71	65	97	103	103	87	49	79	68	108	73	80	106	61	108	80	67	106	76	114	120	138	72	109	100	100	103	95	75	96	83	85	101	92	84	137	82	92	87	88	54	74	76	70	102	81	72	106	124	70	79	97	75	69	86	92	98	89	70	100	127	59	106	83	97	73	85	96	79	63	47	79	80	81	91	62	78	94	69	120	103	115	90	74	76	75	71	98	85	60	75	80	87	99	63	73	69	74	53	55	71	66	37	32	50	42	39	42	44	59	52	49	34	35	46	48	42	35	23	28	44	30	23	29	30	36	21	34	22	43
PLK4	64	61	31	32	51	34	72	5	25	15	7	24	27	79	71	51	17	62	83	90	74	89	26	40	57	145	42	174	67	30	101	165	193	225	180	9	200	70	219	21	84	155	74	201	218	183	173	117	174	231	127	101	167	20	228	115	74	19	150	88	39	142	156	113	40	131	153	118	23	106	57	53	83	121	11	169	149	73	166	212	140	229	188	107	205	222	223	64	114	136	77	110	71	105	217	39	76	206	103	170	37	133	148	198	160	36	81	18	144	194	66	127	194	132	212	180	145	88	165	217	220	143	221	179	149	145	146	193	101	178	201	153	164	147	112	193	217	197	167	213	178	137	224	61	145	151	140	172	174	96	126	195	121	133	113	167	185	137	130	118	106	166	163	66	177	167	114	199	175	182	189	133	144	111	177	174	84	46	110	163	95	182	130	125	116	111	98	123	118	108	156	106	84	136	146	94	148	83	151	157	176	142	110	100	157	78	131	145	132	133	154	56	103	117	44	97	115	93	65	99	88	111	49	101	139	87	115	140	155	123	123	70	141	102	149	92	157	135	118	146	140	150	112	147	154	140	152	110	141	96	44	60	141	107	80	157	172	119	152	131	176	116	148	166	113	179	52	135	117	92	135	72	99	89	57	164	153	129	111	175	147	118	172	136	180	90	147	191	169	158	173	122	143	163	153	105	113	77	146	133	160	123	111	131	134	124	95	97	125	129	98	155	90	131	70	53	99	85	134	122	149	92	135	118	33	99	132	135	140	129	167	65	167	163	157	132	131	132	123	154	52	109	135	156	164	165	199	152	111	175	112	123	163	120	148	163	154	133	150	169	146	103	113	160	162	69	147	107	95	154	56	115	126	178	123	146	104	171	168	164	160	159	92	98	135	122	179	120	190	126	109	205	155	26	129	134	118	166	136	142	156	56	69	134	108	34	147	129	120	114	135	150	154	100	137	184	90	131	122	147	126	106	126	62	128	156	120	165	116	138	141	121	174	110	175	152	45	135	146	145	71	148	166	107	143	125	130	87	123	153	113	98	121	33	135	138	154	117	103	97	79	127	97	120	96	93	119	58	35	82	85	72	69	75	50	80	74	62	55	77	88	101	81	83	82	50	84	66	77	51	57	64	52	47	70	81	80	66	100	100
PSEN1	13	7	32	1	3	4	7	3	6	11	1	10	12	12	7	4	16	4	6	7	1	1	5	2	5	6	7	2	3	0	4	8	5	11	5	4	6	4	1	1	3	2	5	5	14	1	9	9	2	1	3	3	2	6	6	10	10	1	1	0	4	2	4	9	19	16	2	1	2	2	3	11	0	2	6	6	3	7	2	6	3	9	14	10	9	7	5	10	2	1	10	2	6	8	10	7	5	4	10	2	4	4	12	7	6	3	4	22	4	6	1	3	2	6	6	0	9	7	1	7	7	3	5	6	7	12	8	18	2	6	7	23	3	20	12	15	1	7	5	8	15	6	16	34	18	7	14	51	30	26	35	24	68	34	11	32	56	29	16	5	9	4	45	25	31	24	20	31	42	18	29	10	44	26	28	1	94	76	57	23	1	9	17	45	69	102	19	33	25	21	32	23	11	76	36	19	8	61	22	51	63	26	46	23	62	31	35	89	29	159	86	48	76	31	30	30	105	53	104	43	111	97	43	34	12	55	53	49	45	75	59	66	41	24	48	89	38	52	52	127	45	50	42	128	37	28	84	39	68	81	133	85	30	77	61	23	32	30	107	79	127	24	52	33	76	31	40	49	20	31	14	44	43	185	63	65	30	112	11	191	40	19	55	87	16	58	67	17	39	37	33	58	63	23	67	21	91	81	73	84	100	95	31	68	61	64	17	157	109	33	40	30	102	63	114	64	152	44	31	166	54	36	4	123	53	34	49	58	20	81	35	46	73	117	138	36	62	53	104	77	48	7	41	41	76	32	115	25	91	120	118	56	54	131	42	88	34	50	92	105	21	84	60	71	145	96	20	179	96	22	45	36	69	43	88	54	27	9	47	38	105	26	48	78	89	69	58	96	83	53	50	117	101	28	96	28	59	18	9	126	103	69	87	40	129	23	16	17	126	116	47	31	67	36	37	51	32	40	10	79	49	28	39	40	88	60	16	36	83	33	97	57	44	64	35	113	93	64	92	7	17	123	22	99	96	51	62	113	26	29	29	39	14	156	37	9	30	7	54	40	34	48	62	123	118	98	114	35	22	12	119	67	41	81	48	17	12	89	58	71	71	40	84	53	46	17	47	55	74	10	36	102	93	107	69	18	55	44	44	30
RELN	32	34	48	17	79	115	146	141	43	118	72	48	40	42	35	56	45	22	41	42	32	24	17	26	65	50	20	51	62	16	11	32	13	12	12	16	15	30	47	61	36	46	59	36	116	103	106	61	99	71	60	41	48	65	42	31	35	41	76	76	41	51	52	22	31	31	7	27	20	38	31	29	13	9	52	17	26	29	24	8	17	12	16	16	19	28	19	17	17	14	18	23	26	19	16	17	11	21	19	13	6	29	16	13	31	12	16	34	22	27	13	16	20	7	15	22	16	20	13	9	16	16	11	7	19	7	19	22	55	24	22	47	28	14	23	26	19	24	46	12	12	43	8	16	30	31	18	20	12	18	20	22	9	5	18	27	19	7	17	15	17	28	16	20	21	23	23	15	14	31	28	16	25	12	30	28	3	18	30	30	18	14	26	18	21	14	17	20	28	12	21	31	28	13	24	30	9	19	28	16	15	18	20	15	12	15	11	13	21	21	5	18	17	25	12	22	19	16	17	15	10	5	20	17	13	17	23	18	28	12	10	12	14	6	11	13	11	7	24	22	20	14	21	19	9	20	21	18	32	18	15	17	18	24	16	11	9	14	19	13	15	19	20	8	15	13	8	1	6	14	24	13	21	13	10	11	14	15	22	14	10	10	2	9	6	10	24	6	14	12	10	3	5	15	14	11	18	8	15	13	18	13	15	12	10	10	7	8	13	17	14	6	17	8	16	19	6	10	10	13	16	5	19	12	16	17	25	10	8	9	17	8	11	1	17	12	10	1	15	11	7	5	20	19	16	6	8	18	13	13	10	14	17	19	6	18	11	9	6	11	10	25	10	20	15	11	21	11	17	23	9	16	16	11	10	11	14	11	4	18	15	8	11	6	15	4	14	7	12	13	18	19	14	12	13	13	14	13	11	2	15	16	10	12	11	15	5	15	19	13	3	15	14	18	3	6	10	10	7	5	27	11	24	22	1	29	6	13	18	20	12	13	12	13	25	9	13	11	10	12	20	20	18	17	19	11	19	6	22	13	14	22	9	18	18	8	7	8	7	19	5	14	9	10	10	12	14	5	11	16	12	9	22	7	13	12	25	11	12	20	7	9	15	8	14	3	18	6	25	10	23	8	17	16	3	17	7	5	10	12
RNF114	0	1	12	0	1	2	0	4	0	0	15	0	15	3	0	2	0	6	0	0	2	4	0	1	0	0	0	0	2	2	0	4	2	0	0	1	7	1	1	0	0	0	0	0	2	0	0	0	2	1	0	0	0	3	0	9	5	0	1	1	2	0	0	1	9	5	0	0	0	3	0	0	0	0	15	0	0	0	0	0	2	0	0	1	0	10	0	3	0	2	2	0	0	2	5	0	2	2	4	0	1	0	0	0	0	0	1	0	0	0	1	0	0	0	0	8	2	0	0	0	0	0	3	4	0	1	0	1	0	0	4	3	0	0	0	0	0	0	0	0	0	1	1	0	1	2	1	0	0	0	0	6	0	0	1	0	1	0	0	4	0	0	1	5	1	2	0	0	0	0	0	5	0	0	0	4	1	0	2	0	0	0	0	0	0	11	0	0	0	1	5	0	4	0	0	0	0	2	0	0	2	0	0	0	0	1	0	0	0	0	0	0	0	2	0	0	0	0	0	2	2	0	0	0	0	0	0	0	0	0	0	1	1	0	0	0	0	0	0	0	0	0	1	0	0	0	1	0	0	0	1	0	5	0	0	0	0	2	0	0	1	0	1	0	1	1	0	6	0	0	0	1	2	0	0	0	4	0	0	0	0	0	0	0	1	0	0	0	0	0	0	0	1	0	0	1	0	1	0	0	1	0	0	0	1	0	0	0	2	0	1	0	0	0	1	0	0	0	0	1	0	1	0	4	0	2	3	1	0	0	0	5	2	0	4	1	3	0	2	2	3	3	3	0	1	3	1	9	0	0	0	1	1	1	1	2	1	0	0	0	2	4	1	4	1	2	0	2	1	8	0	5	6	3	3	3	3	1	5	2	0	1	3	1	1	2	0	3	0	3	2	0	0	1	1	3	2	0	1	2	0	2	0	5	1	0	2	3	1	1	5	0	1	1	0	8	2	0	0	5	4	1	9	4	4	1	1	1	5	3	0	3	4	3	1	4	7	2	1	2	1	4	7	4	11	6	4	5	2	8	2	7	5	2	8	0	5	2	4	2	1	7	8	0	4	3	1	1	0	12	1	3	0	5	5	0	1	1	0	0	0	2	1	1	3	4	2	1	4	3	2	3	1	5	10	7	4	6	1	1
SCGB1A1	22	5	16	10	40	14	8	1	11	7	7	13	8	9	13	10	14	11	20	34	7	10	10	16	11	7	9	3	7	5	2	19	6	1	4	8	9	10	13	4	8	3	4	4	6	15	10	12	15	17	16	15	20	10	15	11	12	12	9	7	2	16	5	9	26	21	4	10	15	6	12	19	9	12	20	13	20	46	21	5	33	25	17	13	10	4	2	5	9	5	5	6	5	14	3	8	15	15	8	10	8	21	5	8	13	16	11	7	16	14	3	32	13	14	13	14	7	10	3	13	10	13	12	23	10	15	15	9	24	20	14	16	12	8	4	13	3	24	8	10	13	12	8	22	8	5	19	12	26	14	13	32	11	10	16	25	23	21	8	12	3	11	10	15	15	9	18	10	7	11	15	24	5	16	23	13	15	17	26	33	26	13	15	25	20	26	14	16	7	36	27	15	16	25	49	73	33	17	82	62	52	57	38	42	23	30	54	47	49	55	24	14	25	19	20	13	23	32	45	44	25	22	44	18	24	20	25	40	17	26	28	45	20	18	4	9	19	25	35	28	15	19	60	24	15	11	26	29	42	32	18	72	45	49	37	30	31	31	60	63	23	48	33	49	28	61	52	32	69	56	25	74	20	21	3	34	13	27	13	13	29	12	50	28	32	24	15	20	44	31	43	15	29	41	41	39	26	37	14	31	10	23	23	12	38	22	35	29	18	31	32	17	35	32	44	33	24	73	30	30	21	38	62	65	79	38	37	64	16	18	35	40	66	78	50	102	53	45	78	32	26	26	32	61	66	44	36	21	25	14	55	22	68	15	62	25	40	20	53	62	54	30	56	36	21	34	93	40	38	35	51	34	84	26	11	119	73	32	45	59	24	37	48	57	98	28	82	60	25	39	39	63	54	81	59	55	53	29	32	49	63	25	40	67	113	23	51	50	36	52	37	58	10	69	49	60	28	51	92	76	37	41	59	59	29	68	102	32	70	77	46	44	45	90	37	70	31	83	76	58	43	90	32	60	9	52	36	21	54	40	24	77	38	48	26	41	38	49	36	103	13	41	59	31	40	22	35	27	53	40	24	39	49	43	31	43	16	52	48	16	29	46	35	59	37	58	56	38	38	44	25	24	31	36	63	20	22	28	23	47
SFTPC	8	8	13	19	2	9	20	14	10	13	20	4	10	38	19	10	44	12	13	16	16	32	5	21	16	24	16	31	11	12	15	17	11	9	8	9	7	23	8	12	6	13	13	16	12	19	23	10	10	27	21	26	8	3	7	5	10	0	7	15	21	3	3	13	7	4	1	2	3	6	5	6	5	3	5	18	7	2	8	2	13	17	10	3	3	8	9	5	6	3	7	9	11	0	13	0	5	22	3	5	1	5	4	5	0	7	3	8	8	1	9	6	20	6	15	14	33	5	13	11	7	4	19	13	5	7	6	5	4	12	1	3	1	3	2	8	6	0	7	2	11	10	5	5	7	11	1	5	1	5	7	2	3	0	15	5	2	7	21	15	4	10	16	10	28	1	15	16	9	8	15	14	19	8	7	13	14	8	18	11	10	8	11	4	17	5	7	17	12	19	10	19	9	5	15	6	21	23	26	5	15	17	8	4	24	25	13	11	12	0	14	9	1	16	7	8	15	6	24	7	11	16	23	6	32	14	7	14	29	29	13	5	13	18	6	18	11	5	3	15	8	4	14	18	12	27	10	3	13	17	5	22	9	21	24	24	4	6	17	7	1	6	9	9	10	11	14	19	12	13	23	17	11	12	22	29	17	22	15	4	9	15	6	10	9	14	17	8	7	10	20	14	11	13	8	13	2	12	15	3	28	5	14	11	20	6	11	4	2	5	0	10	22	12	11	14	6	2	14	19	7	9	8	10	18	15	19	9	4	22	21	24	18	24	26	19	9	12	38	26	25	27	21	18	40	18	27	40	29	22	31	28	23	23	33	55	49	41	49	56	42	51	19	12	34	43	47	51	34	36	14	35	17	28	34	19	22	9	19	44	9	7	37	35	38	33	28	23	18	31	17	28	39	10	16	27	16	17	21	9	37	30	21	20	32	22	62	43	18	41	26	67	32	21	20	34	35	24	45	25	17	44	59	28	30	17	20	45	40	47	28	31	47	29	65	31	14	55	32	15	48	45	58	39	41	39	55	41	36	13	39	35	60	13	63	53	46	43	25	45	66	86	60	74	17	61	39	61	33	66	16	22	42	27	33	23	37	66	82	32	42	63	64	27	28	58	64	30	48	60	52	19	22	53	56	31	22	53	30	44
SLC2A1	3	14	15	6	12	39	21	7	48	1	4	2	9	3	13	29	17	18	39	21	8	12	2	5	1	5	8	2	9	2	1	8	6	4	2	11	26	2	31	15	10	13	30	41	33	44	9	1	7	19	13	3	12	29	27	6	18	37	22	40	13	53	5	63	37	89	27	51	38	1	10	16	38	40	44	12	35	12	19	27	6	54	25	37	24	43	12	5	24	48	28	13	26	3	27	32	26	18	3	4	28	19	12	16	7	24	25	10	11	7	29	16	21	2	15	52	14	15	10	5	17	43	29	21	29	7	27	29	30	38	16	29	17	11	35	73	8	8	8	15	18	5	15	30	30	6	31	13	34	23	12	27	3	18	11	24	17	46	8	10	23	24	18	17	36	9	7	48	19	33	23	25	9	16	5	7	5	8	22	2	34	13	15	26	6	26	12	16	17	23	29	33	21	0	8	2	12	4	5	16	15	3	14	2	17	29	25	6	6	12	18	17	4	15	28	3	1	6	30	15	2	9	5	4	8	6	3	5	4	15	2	4	7	16	7	1	5	19	8	3	10	2	9	16	5	13	5	8	6	1	23	5	1	1	5	1	1	23	7	16	4	13	10	3	8	2	1	9	3	0	2	6	3	10	7	0	6	0	0	4	3	12	1	1	2	2	6	4	7	8	3	6	8	8	4	5	0	5	5	2	6	2	10	1	7	0	7	6	17	4	16	3	3	3	20	6	7	5	12	18	0	6	0	7	8	1	4	3	6	1	6	2	11	2	8	0	5	4	8	10	13	2	3	3	4	10	10	4	2	0	3	8	2	1	1	0	6	4	13	2	3	6	1	2	0	2	4	2	2	3	5	6	6	9	3	12	2	2	6	7	4	2	2	11	6	8	4	7	2	13	7	3	9	0	1	3	10	5	8	6	3	2	8	15	13	10	10	3	8	14	8	10	5	2	9	3	6	9	6	10	4	11	2	10	3	20	5	5	12	13	14	7	6	15	24	13	8	12	3	12	7	0	31	22	1	0	15	3	19	18	21	6	1	7	3	3	27	13	8	5	7	7	12	4	16	28	16	21	2	14	23	5	21	3	15	20	12	18	9	7	7	0	12	3	4	1	12	4	1	22	7	7	2	23	8	3	6	22	8	10
SLC2A4	6	32	16	8	41	14	11	13	20	9	1	7	8	11	1	15	9	9	3	4	2	1	4	4	0	0	3	3	1	0	0	6	0	1	2	2	5	6	1	0	10	3	0	5	5	1	4	2	3	6	0	6	0	1	3	6	0	2	1	1	1	4	2	1	7	4	4	8	2	4	5	23	3	3	5	0	5	7	10	5	5	5	1	3	2	2	2	2	2	5	3	2	5	2	5	7	4	1	2	2	0	2	7	1	5	0	2	0	1	2	3	3	3	0	6	10	0	3	3	8	5	3	1	6	5	0	1	6	3	4	6	4	3	2	2	5	1	7	6	1	0	5	7	3	1	5	0	2	3	1	1	4	1	1	4	1	3	3	5	14	8	1	1	3	4	2	0	1	8	5	22	3	9	3	3	2	5	5	2	2	2	2	6	14	6	3	1	2	8	4	1	2	2	1	1	1	4	2	2	1	2	9	9	3	1	3	3	0	1	8	6	3	2	3	4	4	1	0	1	13	1	4	1	0	4	1	4	2	5	12	1	2	2	4	2	1	2	7	3	10	4	8	1	6	1	3	8	2	1	4	2	5	2	5	3	14	1	0	1	2	1	6	3	3	2	3	1	3	7	1	0	4	2	1	5	1	3	2	5	3	5	0	1	6	3	1	6	1	0	7	7	5	0	5	0	2	0	2	2	0	6	3	4	5	2	1	0	2	3	5	3	3	3	1	1	1	0	0	2	5	7	2	6	9	2	3	5	1	5	6	2	2	0	3	5	1	1	0	1	2	3	5	3	3	4	4	2	3	5	6	5	0	2	6	3	13	1	4	6	5	7	0	1	1	4	5	7	6	3	5	9	1	3	4	1	2	2	8	1	3	10	4	7	3	2	3	3	4	9	2	4	9	8	5	9	7	12	8	1	4	1	2	6	1	0	7	3	2	1	4	6	4	14	5	4	1	0	1	8	1	3	1	9	5	3	0	5	8	3	5	1	1	0	6	10	7	6	1	7	1	4	8	9	4	2	0	4	4	1	9	8	1	10	5	3	9	0	2	6	6	1	3	5	2	9	3	8	6	12	0	1	7	11	3	2	22	9	9	1	3	3	2	0	5	14	4	11	1	4	12	0	4	8	1	5	2	3	4	5	2
SLC8A3	1	0	1	0	0	3	1	4	10	7	3	14	3	4	0	4	0	2	0	1	12	4	0	2	1	1	1	1	16	9	1	7	1	3	1	0	0	0	0	0	0	0	0	1	0	1	10	0	1	0	1	0	1	0	6	0	0	0	1	0	2	1	4	1	1	1	0	0	1	3	1	3	6	0	1	3	3	2	0	2	3	1	1	0	0	4	0	9	14	3	2	8	5	2	6	5	1	10	6	9	20	2	24	1	4	3	1	9	5	6	8	0	6	0	2	17	4	4	8	6	7	0	3	3	0	7	1	2	0	5	3	4	7	0	4	12	3	2	2	0	9	2	4	1	1	9	2	6	8	1	11	2	0	0	6	7	10	23	1	0	6	7	4	1	16	6	17	4	9	2	8	17	1	14	4	2	9	11	11	0	0	5	1	2	2	8	0	6	1	7	18	4	11	2	18	14	28	0	5	3	12	11	11	6	12	2	2	0	1	2	2	3	2	1	9	4	26	6	1	2	1	4	9	1	8	8	2	0	8	8	1	10	1	4	0	4	0	1	0	6	2	2	1	3	1	36	9	6	3	3	6	3	10	2	4	16	6	16	2	2	3	10	6	9	0	14	11	6	1	2	0	9	10	4	12	2	9	1	1	26	0	1	5	7	5	0	11	1	6	5	7	1	2	1	0	2	5	0	1	3	3	0	3	2	1	1	0	2	0	2	0	1	0	0	4	0	3	5	3	3	0	1	1	3	3	1	2	0	5	1	3	1	3	0	1	1	3	1	0	1	0	2	0	6	0	2	0	3	0	0	2	3	3	1	4	0	6	6	0	1	8	0	2	4	9	1	5	1	1	0	4	13	2	0	1	4	2	1	10	2	2	15	0	2	4	6	1	1	6	4	0	0	2	1	2	3	3	0	2	1	15	0	2	6	3	5	0	0	0	13	9	10	5	3	8	5	21	4	3	16	3	7	3	2	18	1	2	5	2	20	2	14	7	12	15	0	15	6	4	2	19	10	15	19	3	14	4	2	0	10	1	13	8	13	3	24	1	1	6	4	4	9	2	11	12	4	7	22	5	0	10	11	10	0	7	18	21	6	1	2	2	16	15	1	12	21	24	0	2	13	10	9	9	13	19	12	22	13	9	5
SLIT2	6	1	1	18	4	5	5	1	2	0	1	3	1	13	15	6	4	2	11	1	0	10	12	2	4	2	3	0	4	1	0	0	0	2	1	1	1	2	2	5	0	2	4	3	1	3	0	0	0	0	0	1	2	2	5	2	1	3	3	3	6	2	0	0	7	3	2	5	0	0	2	0	5	1	1	4	1	3	1	2	3	0	7	0	1	4	3	0	0	0	8	1	11	2	2	3	3	2	0	2	0	5	1	1	2	1	0	2	2	6	2	1	2	1	4	9	2	10	0	11	10	17	7	3	3	6	1	5	6	6	3	2	2	4	1	1	1	0	5	0	4	1	10	6	0	0	8	0	5	0	2	5	1	4	6	5	1	10	3	3	6	0	4	9	11	18	3	4	8	4	0	3	9	5	4	14	5	3	4	2	3	2	1	9	1	4	5	11	2	3	1	6	6	6	1	2	0	3	4	3	6	7	8	4	4	0	3	9	1	10	2	4	2	1	10	1	3	0	0	3	1	1	0	0	2	1	0	2	10	0	1	2	2	5	4	1	5	2	1	2	6	4	2	6	3	2	2	7	19	1	1	1	3	8	15	5	9	5	1	8	5	15	12	8	8	4	14	1	2	8	5	7	17	1	13	6	8	9	13	1	9	6	6	8	5	7	1	5	9	7	23	18	17	11	2	6	7	2	2	7	2	3	5	12	7	3	2	12	11	9	3	5	3	2	10	4	2	12	2	4	1	5	2	7	2	7	6	10	5	7	11	17	5	7	6	5	1	14	14	5	15	0	10	4	8	2	11	6	3	6	10	1	13	8	2	17	16	6	15	3	11	14	12	14	5	2	7	14	5	12	4	7	21	9	10	10	5	25	18	1	23	22	12	7	14	7	29	4	5	12	19	6	22	6	5	9	7	15	5	4	12	6	3	14	15	11	5	20	10	14	15	9	17	2	1	16	13	6	22	6	5	8	6	11	1	14	8	28	4	28	7	36	21	5	14	4	5	3	1	15	8	4	2	21	6	2	13	22	16	38	10	2	2	7	22	1	6	5	7	4	7	1	6	0	1	11	4	5	3	11	8	1	1	12	13	17	6	3	17	5	6	3	6	4	1	4	12	1	4	12	20	20	4	10	7	0	13	9	23	8
SMARCA4	14	84	105	78	92	85	178	120	53	45	25	66	48	44	60	70	110	92	78	91	60	62	47	22	45	88	66	110	95	63	51	51	111	109	98	54	104	128	48	88	74	75	44	42	76	72	118	89	101	81	112	131	161	67	48	58	88	71	66	55	84	31	96	96	110	70	35	87	50	52	125	78	38	67	94	24	89	66	70	32	89	103	119	58	65	35	87	51	122	97	121	77	77	54	44	75	53	62	56	24	23	11	13	3	20	33	10	31	16	15	18	15	14	25	33	28	25	10	5	26	9	27	9	22	9	30	14	16	25	24	30	23	29	16	35	26	21	29	17	36	20	27	24	28	5	12	27	24	26	27	8	18	30	22	28	35	6	27	8	20	23	19	56	44	29	34	21	26	32	27	45	16	41	12	19	48	23	44	37	40	68	75	71	60	60	73	31	45	42	24	37	55	9	46	9	19	27	22	29	25	23	33	34	25	25	27	45	22	15	31	17	26	38	24	28	50	22	20	43	29	56	83	29	43	46	49	47	62	44	22	46	48	45	69	79	47	81	76	49	54	70	43	57	60	82	77	75	68	86	82	69	77	105	109	75	91	74	76	82	75	92	91	75	76	67	56	63	69	60	37	52	52	52	77	107	81	76	107	80	122	112	99	112	49	112	78	91	87	106	73	92	129	134	144	105	89	115	90	120	102	128	98	106	98	104	127	119	103	97	110	122	89	97	117	132	150	123	149	156	155	133	131	162	124	166	135	103	135	80	151	136	145	101	103	103	110	84	99	126	122	64	77	60	74	84	97	102	92	95	104	73	64	84	76	57	61	72	90	73	96	33	77	71	69	92	99	92	66	106	67	72	105	39	60	69	67	50	74	58	71	42	20	71	46	105	57	89	47	60	98	65	68	59	48	71	102	15	10	17	63	27	31	58	45	74	68	86	95	16	82	47	50	66	24	51	96	48	76	50	65	37	62	60	56	85	58	52	81	90	87	88	79	119	94	62	88	99	78	59	43	33	80	83	99	58	83	32	43	75	80	86	62	41	35	46	25	78	64	99	101	73	94	106	59	137	67	108	107	135	102	100	72	100	123	116	115	131	108	162	133	101	131	89	117	124	91	136	138	161	164	140	158	149	157	128	104	141	133	129	145
SNCA	77	40	31	119	33	52	24	59	24	42	69	82	66	104	100	128	152	101	162	108	129	63	102	70	51	38	73	53	50	70	77	95	74	80	91	106	150	167	161	166	146	148	145	170	139	156	140	85	157	131	140	65	93	143	131	147	128	132	78	65	85	85	109	137	142	125	139	110	101	144	148	158	142	92	126	104	83	70	117	116	118	83	133	122	104	137	111	119	118	118	145	104	139	132	139	141	144	158	112	94	57	82	62	74	61	59	69	78	92	87	79	71	73	70	92	99	123	115	121	94	133	117	106	116	131	127	118	96	106	106	129	109	96	101	109	100	96	84	86	86	100	117	123	133	81	128	122	144	155	65	108	152	158	146	138	115	128	15	146	131	152	130	88	125	114	95	90	94	107	71	74	86	78	51	89	68	56	42	64	64	66	61	55	54	102	71	77	88	88	88	82	91	92	95	61	71	58	83	89	82	103	66	107	99	82	106	80	95	91	83	101	87	99	66	93	91	90	86	94	105	54	97	115	112	114	112	109	93	110	106	145	122	108	120	141	143	134	130	114	129	100	126	120	126	105	100	123	98	88	117	105	120	103	132	116	115	123	142	146	132	108	140	120	117	115	97	104	110	58	68	90	94	77	85	78	70	84	68	66	61	61	71	84	54	68	69	66	70	30	79	77	72	54	98	87	90	92	68	69	77	59	59	65	40	42	55	35	48	23	45	37	38	37	45	39	37	41	30	41	49	28	45	51	58	53	63	36	49	61	44	60	73	60	37	42	56	65	57	57	44	62	66	60	60	54	75	82	68	86	59	100	80	65	70	51	59	52	36	41	61	62	52	48	52	53	44	44	51	53	54	53	64	82	82	75	76	56	72	71	66	55	62	66	77	94	105	88	90	94	75	72	98	91	96	100	79	90	93	83	98	90	108	112	111	99	98	111	120	83	112	104	139	117	125	122	140	127	128	134	136	156	119	149	131	132	135	127	135	121	110	144	133	126	104	103	84	112	128	111	121	131	128	116	93	125	80	93	104	123	92	104	106	108	112	105	117	127	125	112	125	126	137	133	118	118	127	109	129	144	136	146	129	143	128	121	124	102	120	139	124	148	121	109	124	93	92	95	95	119	109	119	66	93	108	88	75	110	85	52	94
SRPX	0	0	0	0	0	6	1	0	0	0	0	0	0	0	0	0	0	0	0	0	0	0	0	0	2	1	0	0	0	0	0	0	0	6	0	0	0	0	0	0	0	0	0	1	0	0	9	4	0	12	0	1	3	0	0	0	0	0	0	0	0	0	1	0	0	0	0	0	0	0	0	0	0	0	0	0	0	0	0	1	0	0	0	0	0	0	0	0	0	0	0	0	0	0	0	0	0	0	0	5	0	0	0	0	0	0	3	0	0	0	0	1	0	0	0	0	0	0	0	0	0	1	0	0	0	0	0	1	0	0	0	0	0	0	0	0	0	3	0	0	16	0	0	0	0	0	0	0	0	0	2	0	0	4	0	0	0	9	0	0	0	0	0	0	0	0	0	0	0	0	0	0	11	0	0	1	0	0	0	0	0	0	0	2	1	0	0	0	0	0	0	0	4	0	0	4	0	0	0	0	0	0	0	0	0	0	0	0	0	0	12	0	3	0	15	0	0	0	0	0	0	0	0	0	4	0	0	0	0	0	0	0	1	0	0	22	0	0	48	70	0	0	0	0	0	3	0	0	0	0	0	0	0	0	0	0	171	0	80	47	48	46	2	88	108	74	57	20	13	25	71	10	8	63	73	43	73	22	39	137	57	77	66	44	58	56	35	34	49	11	22	122	133	94	5	22	41	2	130	58	52	61	102	63	91	7	74	67	56	59	94	74	47	40	114	124	27	54	28	31	19	64	42	22	36	9	2	0	0	0	0	5	0	0	0	0	4	0	0	0	0	0	0	0	0	0	0	8	0	0	0	0	4	0	0	0	0	0	0	0	0	0	0	1	0	22	0	2	0	0	0	28	0	0	0	0	0	0	0	0	9	0	0	0	0	0	19	0	0	0	0	0	38	0	0	0	0	0	0	0	84	0	0	2	0	0	0	5	0	3	0	0	0	0	0	0	0	0	0	1	0	0	21	1	17	0	0	0	0	0	0	0	0	1	0	0	4	0	7	13	0	0	0	0	0	0	0	0	0	0	0	0	0	0	2	0	0	0	0	0	0	0	0	1	0	0	0	0	0	0	0	26	0	0	0	0	0	0	0	0	0	0	0	0	0	0	0	0	0	0	52	0	0	0	14	0	0	2	20	0
SRPX2	9	0	1	2	2	9	13	0	2	6	2	1	4	17	6	22	32	26	17	3	29	2	68	28	42	4	21	2	1	0	0	0	0	12	8	2	0	3	0	3	22	1	20	1	14	0	9	4	21	2	20	7	4	14	7	6	2	0	12	7	1	20	4	0	1	1	8	21	3	7	3	22	20	1	10	26	0	2	8	1	0	11	0	0	8	48	1	1	15	0	10	9	18	6	1	12	2	5	2	10	0	8	1	17	19	3	4	4	2	20	21	34	3	4	53	0	0	57	20	0	21	6	1	6	30	7	7	17	33	31	0	0	0	28	14	1	1	15	74	1	0	3	0	5	9	22	8	12	0	1	5	15	10	35	27	21	64	15	28	15	11	20	12	27	1	57	6	39	5	30	20	1	15	21	31	11	0	1	25	23	1	0	12	61	8	28	9	5	3	2	10	0	3	29	36	5	48	19	2	9	0	14	43	2	11	9	27	21	1	8	6	31	8	10	21	4	19	9	66	4	1	24	0	9	6	7	50	16	0	66	2	60	6	38	14	0	3	0	16	8	3	29	24	8	0	12	1	4	0	2	4	20	7	7	14	1	10	7	10	12	23	0	1	43	52	2	0	6	23	1	43	12	36	8	4	8	3	24	4	23	19	0	31	5	0	14	0	5	0	0	7	37	2	5	2	12	7	12	5	33	6	2	14	13	0	7	27	15	5	6	1	2	4	2	4	0	28	9	1	0	4	13	10	9	1	0	39	2	9	8	1	3	5	0	22	12	1	8	11	2	17	15	4	26	7	0	13	11	26	25	16	14	18	15	2	10	1	23	11	0	38	16	12	14	61	25	2	5	8	1	63	12	19	28	0	12	3	0	2	29	1	39	24	13	48	31	12	25	2	20	0	3	22	0	23	5	12	29	2	15	4	4	41	58	37	0	25	20	19	24	20	0	13	1	1	0	15	2	33	24	15	52	18	2	33	3	0	22	5	24	11	14	13	2	21	10	0	18	8	25	35	8	72	41	24	36	57	2	0	12	60	31	24	35	2	19	47	7	30	3	2	12	6	1	19	17	7	1	22	27	2	3	19	11	85	8	0	9	7	12	1	1	3	19	22	46	9	49	34	4	16	2	7	17	7	10	4	9	8	28
TG	1	4	0	0	3	0	1	0	4	0	4	0	0	0	0	3	9	1	1	0	0	10	2	2	0	0	7	1	1	0	0	3	3	0	0	0	1	0	0	0	3	0	1	2	0	2	0	18	0	0	0	9	0	0	1	11	5	15	0	3	0	0	0	0	7	1	2	4	1	0	0	1	3	1	2	2	6	0	6	1	2	0	0	0	0	1	0	0	0	0	1	0	0	3	4	0	0	0	0	2	0	8	6	0	3	0	1	0	7	1	0	0	0	2	0	0	4	0	5	3	2	4	2	1	2	15	7	0	7	7	0	24	2	0	7	5	0	2	10	10	6	4	1	9	0	64	0	0	2	16	66	0	0	3	0	1	4	5	0	0	8	1	5	0	0	0	0	17	8	2	10	12	0	1	0	2	1	5	0	31	0	5	1	0	0	2	0	10	1	0	3	1	9	1	0	5	10	1	1	1	14	4	3	0	38	1	2	8	0	80	2	0	2	1	16	3	11	0	1	0	2	24	15	19	0	10	1	4	0	4	0	1	11	26	34	3	2	5	0	3	0	0	7	16	33	5	15	4	0	0	0	0	1	26	21	0	24	0	0	7	0	4	2	38	0	2	1	47	1	0	0	0	0	89	0	0	5	0	11	0	6	4	0	1	7	9	15	0	70	20	25	1	0	14	4	0	16	22	0	24	0	5	17	0	11	11	9	1	10	60	3	1	1	0	39	0	2	40	2	4	39	57	47	39	3	2	30	12	14	0	0	0	50	2	19	33	10	25	7	0	20	43	14	5	0	2	3	5	1	4	19	0	8	12	4	1	1	0	1	26	17	0	10	9	0	54	14	0	0	1	0	14	0	2	2	0	15	0	17	5	1	2	0	0	0	12	0	2	0	42	0	32	0	0	0	0	1	27	0	25	0	0	0	54	11	0	24	1	0	24	33	0	32	0	9	1	2	0	0	0	3	1	1	10	22	3	18	4	1	0	26	0	3	6	0	1	0	0	65	0	0	4	10	10	22	28	12	0	8	1	0	39	0	92	26	5	14	25	3	1	0	0	1	22	0	11	0	5	22	0	0	0	0	19	1	2	28	23	0	0	64	4	6	19	16	0	89	33	25	5	0	0	0	0	0	0	0	34	0	5
TRIM28	31	96	68	69	66	99	123	111	78	50	59	59	25	33	41	22	25	25	23	32	27	41	34	16	14	14	7	10	7	10	10	8	4	9	14	3	5	12	14	10	10	9	5	7	8	8	8	8	18	11	4	9	15	29	16	12	11	12	4	12	13	10	17	21	14	8	13	12	8	14	15	8	7	12	10	7	10	10	11	9	17	22	8	12	23	16	10	5	13	7	9	13	7	7	10	2	7	7	12	6	6	3	5	9	6	4	7	13	7	4	10	9	9	11	8	10	5	8	9	8	9	5	5	8	4	3	2	8	7	4	9	7	6	4	7	11	8	4	12	5	8	5	5	4	6	12	7	9	8	5	8	8	2	4	8	5	12	8	7	5	3	7	7	9	9	10	20	9	5	8	14	5	6	10	3	6	8	11	12	12	6	6	15	4	9	2	7	6	3	2	8	9	11	6	5	7	10	7	4	7	9	6	5	9	9	5	7	8	5	6	7	7	14	10	5	2	7	4	3	5	6	11	10	6	6	6	5	10	8	15	9	14	10	9	12	11	12	17	5	10	6	10	7	11	11	4	8	12	16	11	16	11	3	16	14	12	16	18	6	13	21	12	11	12	12	22	14	15	16	16	10	14	16	14	19	12	23	25	15	20	25	15	14	16	14	18	10	17	16	19	29	9	18	13	19	10	17	17	10	20	21	13	17	19	13	12	20	19	16	13	8	14	9	5	5	15	8	8	3	14	11	9	9	7	6	11	17	7	1	18	11	8	6	9	15	8	12	8	6	10	11	9	6	6	7	6	5	16	11	7	4	4	10	8	5	6	3	4	7	4	5	9	6	3	9	11	6	7	9	8	12	12	9	14	10	3	4	8	17	7	12	11	6	2	7	19	11	17	9	15	11	13	12	21	23	15	17	14	14	14	15	21	17	16	21	16	21	17	9	23	24	14	15	9	7	12	18	11	15	17	22	18	15	18	20	18	15	12	17	3	13	25	22	26	9	34	11	12	25	16	15	16	15	7	19	26	22	17	11	20	8	10	12	19	13	15	14	15	10	33	18	19	18	14	18	16	22	11	14	27	18	17	26	22	35	16	19	33	14	15	12	12	8	19	18	19	13	15	21	31	35	19	19	42	16	14	33	21	34	19
WT1	78	11	20	23	125	212	186	135	171	225	151	128	144	129	166	170	148	184	174	145	161	161	169	151	175	219	201	214	194	207	195	199	222	252	187	213	227	187	201	176	143	179	220	217	187	227	213	172	200	217	243	189	231	255	210	236	181	225	232	201	191	224	209	205	203	198	172	169	188	203	188	190	201	203	216	223	236	187	214	211	211	213	197	213	211	181	196	184	186	162	167	181	170	174	168	178	170	161	175	181	159	161	176	156	158	150	136	173	146	156	182	171	168	171	147	159	177	155	158	171	164	181	201	163	138	130	154	167	176	163	151	151	154	141	147	159	184	166	149	177	189	205	191	179	179	204	166	202	196	205	184	176	207	199	183	148	171	177	173	143	159	168	145	154	144	150	178	186	152	167	130	152	155	136	152	144	123	127	147	139	153	173	156	135	149	153	185	170	198	171	182	195	208	192	180	201	162	149	190	173	176	191	175	180	157	175	177	164	190	175	142	183	194	184	174	160	166	186	170	186	153	187	158	146	124	151	157	117	139	142	152	145	132	153	160	138	160	152	180	175	167	157	156	158	157	172	157	170	153	181	152	164	145	138	134	136	143	124	117	124	120	157	127	114	119	105	98	123	101	100	114	85	102	78	88	101	85	98	104	89	87	80	81	86	86	104	90	84	89	89	112	108	97	82	83	89	120	107	91	126	122	90	98	100	104	113	132	112	123	141	133	139	107	111	126	131	108	108	110	114	119	106	112	125	88	104	120	68	74	78	61	70	84	82	95	91	111	103	94	108	103	118	89	100	97	100	105	117	94	102	87	96	68	99	81	100	109	114	96	82	81	92	121	91	119	108	99	105	102	114	109	109	125	137	113	133	96	160	140	154	130	118	110	114	119	120	120	114	152	130	132	122	129	120	112	139	123	123	134	148	150	139	128	142	164	169	181	157	197	136	167	151	141	147	134	150	164	161	182	172	162	167	175	157	129	141	146	174	162	168	166	183	184	188	174	178	190	196	195	209	161	208	206	216	199	218	188	212	167	206	190	180	240	194	200	186	194	219	185	219	203	239	181	209	184	192	222	201	219	227	197	169	195	189	197	184	177	194	204	188	160	199	166	166	189	178	163	179	172	165	180	175	181	190	174	153	180	184	137	192
YY1	25	14	41	33	54	45	13	25	37	45	12	31	23	31	30	32	53	32	26	29	19	17	22	17	15	14	29	47	82	56	56	92	58	77	70	106	107	92	150	159	123	104	102	108	121	115	131	131	94	121	88	115	87	109	59	109	96	87	81	93	102	62	67	79	93	61	45	40	48	79	65	60	76	66	49	42	96	44	24	34	42	54	101	56	36	59	74	88	66	109	109	84	119	100	82	112	71	93	100	83	91	103	132	72	123	129	137	121	76	121	122	88	62	78	64	88	76	58	57	102	83	75	71	85	75	136	85	64	149	96	109	82	111	84	30	125	44	56	63	31	50	22	46	60	84	47	32	38	22	28	30	22	28	26	16	22	35	30	31	29	56	17	27	36	27	39	30	29	37	47	54	52	35	39	41	30	15	19	22	46	22	33	21	11	24	26	7	29	40	26	21	38	22	55	30	18	39	31	39	51	53	20	30	41	37	33	45	47	36	39	47	32	36	52	25	71	54	32	25	28	38	38	41	42	48	34	29	26	37	23	23	22	27	17	24	19	17	17	17	22	29	23	24	28	25	20	33	9	18	30	26	12	17	38	44	25	26	30	30	33	35	56	35	27	42	47	22	34	11	28	30	36	27	23	30	36	33	19	19	16	19	12	21	32	24	18	24	16	26	28	16	17	12	19	33	21	17	27	23	21	21	20	24	13	26	27	15	27	20	19	24	15	16	11	21	23	15	5	22	26	21	11	21	12	18	22	18	19	24	24	17	6	14	21	28	7	20	14	24	12	24	10	14	16	16	12	16	7	14	17	21	19	10	19	18	18	17	19	17	13	21	20	16	12	9	20	8	13	12	13	17	13	23	20	6	7	26	19	22	16	19	22	25	24	20	22	12	17	26	20	20	20	32	32	25	25	17	19	11	18	18	28	24	21	33	31	25	15	20	31	19	20	19	27	8	28	31	24	15	25	19	30	29	18	35	42	28	28	29	31	33	25	30	20	37	44	24	24	35	24	48	35	45	50	25	50	29	23	39	25	39	38	46	31	38	29	21	62	46	86	42	53	47	64	66	58	48	43	56	53	43	63	79	64	104	83	74	89	77	61	60	86	52	78	55	40	62	62	57	49	78	72	67	69	73	52	61	42	41	42
ZNF436	45	63	85	59	161	128	107	36	128	129	169	215	12	34	124	57	52	124	15	74	115	130	68	177	134	69	14	84	128	33	83	62	97	68	63	105	103	68	86	34	148	41	50	162	93	74	46	143	38	119	100	84	112	28	51	105	110	97	53	109	37	50	164	72	144	38	81	84	82	78	91	132	77	19	83	62	68	98	29	126	81	52	44	40	128	116	150	101	56	77	111	11	84	32	44	85	94	164	162	104	49	42	12	124	19	66	93	42	81	84	61	48	48	72	73	120	41	21	33	70	94	92	72	23	62	40	136	91	120	198	25	81	178	80	91	96	25	43	95	122	185	49	19	66	102	64	44	82	60	129	96	162	130	90	145	102	93	81	98	57	100	148	57	56	86	199	97	66	115	46	53	68	81	33	130	114	103	73	85	74	48	47	127	165	63	116	157	96	46	41	107	109	127	57	110	73	33	71	114	90	50	83	183	43	91	97	84	87	168	116	97	63	57	31	147	81	80	29	41	126	70	103	171	88	158	15	102	88	93	37	137	39	145	32	94	92	132	119	96	79	68	139	89	58	116	148	35	88	89	97	92	109	118	64	109	53	120	32	80	53	159	129	119	82	93	73	89	43	182	50	87	62	143	196	50	119	91	146	80	128	125	98	20	61	18	50	36	96	83	97	20	77	134	10	97	111	25	166	27	113	89	180	190	118	95	86	69	107	131	34	60	83	89	68	71	4	106	111	62	120	104	131	19	81	112	29	56	96	55	80	50	84	80	64	26	136	71	95	56	41	29	69	84	37	78	161	89	65	44	92	181	100	123	43	74	72	31	87	78	23	102	67	87	89	99	125	100	78	50	73	73	150	61	147	114	59	65	137	87	33	124	161	59	88	91	58	113	67	96	141	64	132	185	100	45	76	62	32	70	79	173	32	80	15	119	101	78	86	80	85	138	193	146	113	111	98	198	90	73	44	140	131	50	122	66	177	42	48	59	113	89	103	125	62	198	119	278	56	57	84	77	86	59	69	217	54	162	180	219	115	102	141	58	81	63	49	88	11	33	77	147	124	113	100	31	119	78	200	136	201	126	144	132	194	110	136	46	62	133	196	147	94	57	213	174	151	78	154	121	74	179	206	198	170	252	162	149	239	104	154
gene48	104	154	130	72	80	73	40	61	137	51	96	114	83	74	72	68	45	25	106	82	38	77	144	115	125	50	124	109	123	113	70	67	72	72	77	108	127	61	78	95	122	128	75	145	115	77	114	88	136	140	169	140	105	117	142	132	112	101	70	55	115	72	57	165	84	70	82	52	31	100	88	111	161	51	103	127	109	200	143	137	176	87	166	86	119	66	125	141	193	153	117	144	146	159	143	172	120	89	98	122	118	95	25	137	139	131	52	105	54	137	95	137	106	148	77	94	139	151	120	87	138	114	82	113	93	76	132	99	79	101	42	180	150	158	126	96	204	70	138	119	114	140	113	132	68	97	76	85	102	82	109	63	178	46	149	165	108	98	79	152	174	148	194	164	76	211	65	135	170	172	133	93	130	144	160	176	123	149	70	93	103	181	124	97	175	56	146	121	172	40	75	175	83	146	180	92	106	88	234	130	127	43	137	121	67	95	126	153	94	156	57	129	96	141	166	132	87	75	94	111	68	158	83	116	156	271	204	175	118	143	174	177	153	169	168	80	233	176	196	79	79	201	94	166	107	99	177	206	121	191	141	141	147	126	77	53	110	75	126	104	193	82	76	81	137	191	79	66	101	88	66	56	75	107	73	182	92	142	118	157	110	113	194	123	110	94	138	120	98	191	173	106	156	163	146	149	86	203	159	57	107	132	137	174	127	149	154	143	200	148	147	133	143	137	88	122	122	128	105	166	166	150	155	134	155	139	159	200	101	133	146	66	144	106	146	149	64	122	122	166	138	79	132	158	147	175	159	73	89	69	72	190	149	161	174	114	115	148	72	104	76	158	109	68	161	133	127	116	183	137	166	178	134	234	169	237	171	237	176	177	221	142	198	131	177	150	240	200	204	190	217	202	246	193	111	203	139	92	191	44	192	120	90	79	138	189	76	110	143	59	120	164	116	151	154	187	185	91	205	139	89	150	169	200	217	185	93	149	173	187	196	249	64	223	256	149	165	189	140	236	250	374	141	280	407	282	249	207	378	265	391	175	244	250	245	152	204	204	308	256	347	251	354	260	363	240	387	461	366	265	435	241	421	448	440	442	473	626	809	1033	1649	2092	1551	2482	3615	1792	3502	1427	2114	955	555	794	2466	2264	2750	2741	3658	3298	2655	3379
gene49	17	10	19	20	20	24	22	14	23	21	23	12	15	19	22	21	26	21	19	18	10	15	21	12	20	21	21	7	13	15	21	22	12	20	22	19	15	8	11	15	22	23	21	23	18	19	16	11	20	17	15	21	12	16	18	10	25	18	15	11	12	18	13	18	12	10	15	14	17	20	14	14	18	16	13	6	13	15	5	14	18	5	12	8	9	11	13	12	19	18	20	16	15	10	20	12	15	15	12	10	8	13	10	14	15	8	6	18	4	10	7	20	6	18	19	12	14	11	15	17	14	15	15	18	13	7	11	6	12	13	5	7	13	11	11	12	9	7	8	13	16	11	21	11	19	14	13	12	23	19	21	14	15	19	9	19	15	17	13	14	18	11	16	16	12	16	25	16	19	12	13	8	21	19	11	18	7	19	12	16	23	14	21	14	20	13	15	20	29	22	15	16	17	15	20	16	24	23	14	14	15	12	18	12	11	29	19	14	17	12	17	17	14	13	21	25	15	17	27	16	20	20	19	17	15	25	12	24	21	10	16	26	12	19	20	13	17	20	17	14	13	16	13	16	17	11	18	23	10	23	11	12	15	16	16	25	23	18	17	13	23	17	23	14	17	17	13	16	19	19	21	22	16	17	16	10	21	21	13	13	27	18	14	14	18	18	21	28	20	10	14	17	14	15	23	14	25	15	19	14	17	20	22	15	20	23	14	15	14	21	12	13	15	15	16	14	13	18	19	10	24	15	19	17	18	18	15	12	19	21	18	13	24	16	16	14	23	15	16	17	20	17	16	18	10	18	15	19	15	12	25	12	23	23	11	11	17	11	21	24	17	16	9	17	29	16	12	18	13	18	14	14	13	13	14	16	13	15	14	16	8	15	16	19	12	11	21	10	19	19	15	26	13	19	17	16	22	19	16	14	21	18	17	27	24	29	24	24	33	26	31	19	26	21	22	24	15	16	15	18	20	10	22	17	21	20	16	20	21	18	25	17	18	11	10	24	18	22	21	24	15	26	20	16	21	22	28	21	7	25	8	19	19	17	24	13	18	17	23	17	17	14	21	22	15	23	23	13	17	21	26	22	17	17	19	18	20	19	22	16	19	29	25	23	13	23	24	14	17	28	23	16	16	23	18	24	16	28	9	17
gene50	2	9	16	0	3	15	1	0	4	4	17	13	0	0	3	0	25	2	0	0	7	2	97	9	6	12	11	2	0	4	1	6	28	39	1	0	1	0	21	4	0	11	27	13	35	7	3	25	7	56	0	0	0	26	18	3	16	1	1	9	0	2	0	5	11	0	8	0	12	1	32	37	6	6	7	3	33	4	0	25	35	19	7	6	0	4	17	16	15	19	10	3	15	3	13	4	0	9	16	7	8	6	45	8	28	3	6	0	35	2	26	17	1	1	3	22	1	27	5	4	4	13	12	1	1	11	0	10	2	5	75	6	15	15	1	16	4	1	2	3	13	21	0	0	14	0	43	13	1	15	0	0	9	2	0	8	49	17	15	6	45	52	26	0	4	0	2	12	37	4	1	2	7	0	9	2	0	32	3	0	11	10	2	0	10	6	2	0	18	5	19	0	3	1	10	1	1	26	16	46	7	4	2	37	0	39	16	0	5	1	10	0	1	1	8	1	19	4	2	0	0	4	0	25	1	1	0	7	10	21	13	3	2	0	16	0	3	2	1	14	3	1	60	40	2	9	0	7	1	14	0	0	27	6	28	19	16	6	1	2	0	8	2	19	4	0	1	0	23	1	0	1	2	3	1	18	18	10	15	13	14	0	1	0	3	3	8	5	0	12	1	3	3	0	0	8	34	3	10	4	33	0	29	0	2	0	7	20	2	2	4	10	1	2	4	0	0	1	4	18	10	4	9	15	1	16	4	8	15	29	33	5	30	4	17	11	19	1	31	3	5	38	0	0	0	0	143	0	2	53	1	38	1	10	2	51	4	1	0	0	4	1	1	10	1	22	8	1	14	2	0	5	0	6	8	4	0	4	16	0	13	0	8	24	21	0	0	9	41	20	17	2	26	6	14	3	6	0	12	5	1	0	1	25	1	0	0	0	4	15	7	0	0	0	5	0	27	0	5	4	5	13	4	20	1	24	0	13	14	1	10	2	1	0	8	26	15	1	0	0	2	0	0	5	0	11	26	0	9	6	1	8	3	1	1	1	1	0	8	9	5	1	19	3	0	15	15	1	15	9	1	2	2	0	0	20	1	7	0	0	1	8	3	1	6	5	6	0	0	1	0	18	0	1	1	4	4	3	4	2
