tissue,num_non_tfs,num_tfs,mae,f1_005,f1_001,abs_time_saving,rel_time_saving,abs_emission_saving,rel_emission_saving,total_runtime
Adrenal_Gland,200,1,0.15671735423740518,0.7526347827213168,0.36652725895005517,178307.46376681328,46.47660038776702,7.372206136654453,104.52413343512688,3920.8617672920227
Adrenal_Gland,200,2,0.15517705926641695,0.7543070294158472,0.3712562783745893,178294.249294281,46.3204865450813,7.3602533193679855,89.50153974224963,3934.076239824295
Adrenal_Gland,200,3,0.15226242655169303,0.7528244450685434,0.3786626232528229,178435.86372232437,48.05014119536549,7.363663731756677,93.32873244118223,3792.4618117809296
Adrenal_Gland,200,4,0.15205920744523135,0.7523773865771403,0.3803462017599954,178459.75674009323,48.354782808701906,7.363794435778382,93.48193272117946,3768.5687940120697
Adrenal_Gland,200,5,0.1486860370566107,0.7551773437255502,0.39011110026270795,178466.95403695107,48.4473085607138,7.362348985219616,91.81517321787472,3761.371497154236
Adrenal_Gland,200,6,0.14936823366462024,0.754564156973359,0.3881348245564989,178352.38021445274,47.01519513449699,7.362202348886928,91.64940043252754,3875.9453196525574
Adrenal_Gland,200,7,0.14845753259433683,0.7548753403654839,0.39146368979923013,178297.34360861778,46.35694820995786,7.360926867743078,90.23232368995207,3930.9819254875183
Adrenal_Gland,200,8,0.14767295572163705,0.7557584526155433,0.392260061035665,178403.3554663658,47.641765113681046,7.360895457308102,90.1979789322663,3824.9700677394867
Adrenal_Gland,200,9,0.14757331241994368,0.7556130469983604,0.3927633155006223,178412.3124241829,47.753590012642945,7.364603362437202,94.44139249408761,3816.013109922409
Adrenal_Gland,200,10,0.14659922924323265,0.7555202397578741,0.39709136346676155,178361.73571896553,47.128951930867814,7.363835315626843,93.52995195532583,3866.5898151397705
Adrenal_Gland,200,20,0.13554780250748624,0.7566807539521622,0.4372951773786286,177989.8782479763,42.994123374018805,7.35619459219675,85.33683282540095,4238.447286128998
Adrenal_Gland,200,30,0.12684768309769304,0.75860060655261,0.4766635591479156,177931.9311656952,42.41424550641036,7.363248502880099,92.84535026477923,4296.3943684101105
Adrenal_Gland,200,40,0.12122579898623308,0.7598922413884407,0.5032639107053758,177814.61283922195,41.28685714984481,7.35264078000598,81.9960260626548,4413.712694883347
Adrenal_Gland,200,50,0.11592151030774198,0.7609242209096977,0.5299057331992234,177194.4986553192,36.20075340732613,7.340474642825561,72.3055580126022,5033.826878786087
Adrenal_Gland,200,60,0.11181881280881552,0.7606450121939904,0.5527624109113215,177221.33679938316,36.394794394163554,7.337851347763294,70.50879953581767,5006.988734722137
Adrenal_Gland,200,70,0.10829212747002724,0.7608697771408771,0.5710001769926422,177066.10212922096,35.30035630803704,7.34935415211324,79.1310701797006,5162.223404884338
Adrenal_Gland,200,80,0.10488070349536574,0.7603407023738048,0.5902416892068755,176904.29485750198,34.227512312225315,7.33149501057618,66.50448015632905,5324.030676603317
Adrenal_Gland,200,90,0.10208649926476163,0.7615031056687848,0.6023358772639616,176746.5853614807,33.242787836632665,7.326414384264444,63.61668267707321,5481.740172624588
Adrenal_Gland,200,100,0.09933288372542144,0.7607113176591741,0.6181458572743214,176519.74328446388,31.921818336864966,7.326094834262743,63.443412453585736,5708.5822496414185
Adrenal_Gland,200,200,0.07955094107900967,0.7563177497520768,0.7219692470137926,174018.77608847618,22.197116509375096,7.291139964927636,48.880262921791235,8209.54944562912
Adrenal_Gland,200,300,0.06630188830808025,0.7512444146793738,0.7799454886217845,170823.374874115,15.97800209459741,7.218785618062499,33.135914803413094,11404.95065999031
Adrenal_Gland,200,400,0.05620019195673874,0.7488112365329918,0.8134670605104245,167324.97395968437,12.227338570397094,7.132194405180104,23.91658251449732,14903.351574420929
Adrenal_Gland,200,500,0.04762821553857453,0.7489070430645414,0.8363350547273377,163324.94570326805,9.639986455587938,7.052531779404873,19.042389330495894,18903.37983083725
Adrenal_Gland,200,600,0.040571064968825205,0.7496382371601539,0.8504202535304375,158386.5078947544,7.643222857024863,6.94769424785703,15.015237592378794,23841.81763935089
Adrenal_Gland,200,700,0.03491425513950996,0.7512820875958124,0.8600305037499897,153215.75884866714,6.281013586625152,6.889780196214209,13.44454943899304,29012.566685438156
Adrenal_Gland,200,800,0.02980538868176812,0.7558250803912621,0.8666735533152233,147678.12519836426,5.274305901653372,6.728515546374223,10.411787699534198,34550.20033574104
Adrenal_Gland,200,900,0.02548074106838107,0.7635273528581162,0.8707874177777463,142110.87762117386,4.542370838982654,6.6581247395969125,9.478513934203514,40117.44791293144
Adrenal_Gland,200,1000,0.021977677679377586,0.7746265917556131,0.8734659209512909,135309.5904467106,3.8839138607354133,6.4351630778252105,7.382472583143034,46918.735087394714
Adrenal_Gland,200,1100,0.01921305092020168,0.7889490624866615,0.8745442091609951,128476.84014630318,3.3902007399307807,6.276195460166573,6.377031496143357,53751.485387802124
Adrenal_Gland,200,1200,0.016910005075854457,0.8074563889413691,0.8756401707023734,121699.78796362877,3.0106183438172014,6.1465054974385005,5.739334960939858,60528.53757047653
Adrenal_Gland,200,1300,0.015472183309067826,0.8246248882481867,0.8753670699936831,114162.55932331085,2.6772390245304547,6.026186010650191,5.252079831760213,68065.76621079445
Adrenal_Gland,200,1400,0.014237955047115362,0.8383574116412733,0.8758212427120767,107501.15895628929,2.4385820295266325,5.961347881523914,5.022310070141391,74727.16657781601
Bladder,200,1,0.3102819578343405,0.7639950900504171,0.4008564764632381,211110.5327758789,54.234881107440536,4.570140626994835,56.41606154220942,3965.64298415184
Bladder,200,2,0.3077300513009254,0.7655652891290821,0.4078701865159216,211687.87943577766,63.476200183713935,4.58464617085023,68.45692046444813,3388.2963242530823
Bladder,200,3,0.3041021727634627,0.764894044786903,0.41693750390494094,211540.61420488358,60.832253209371146,4.580899689915886,64.88042327156364,3535.561555147171
Bladder,200,4,0.3013401058709002,0.7631342063801481,0.42501379975238807,211761.37900781631,64.88366914693948,4.5850612328067974,68.87756124802887,3314.7967522144318
Bladder,200,5,0.296917321933062,0.7621909609717386,0.43291567118688046,211424.0182762146,58.890170183816174,4.578120309736974,62.45959424627224,3652.157483816147
Bladder,200,6,0.2965896627449095,0.7622329218294808,0.4364250029399843,211658.34705924988,62.92772241946838,4.581064246696429,65.02964916791771,3417.8287007808685
Bladder,200,7,0.2935980300801278,0.7625214122434185,0.44393335160304576,211682.58362317085,63.37714347695351,4.583889991458789,67.7036385619476,3393.592136859894
Bladder,200,8,0.2940007239367353,0.7617325751972072,0.44518412958861125,211259.00310015678,56.34436660958696,4.5755954734244,60.411931467478205,3817.1726598739624
Bladder,200,9,0.2903319049063116,0.7611247050051317,0.45531300723897744,211522.7993991375,60.52727150634975,4.580311304163763,64.35241105142272,3553.3763608932495
Bladder,200,10,0.2887039543000221,0.7609266389264576,0.4560282871844646,211195.65498423576,55.42456494540199,4.57459349836054,59.6360562522903,3880.520775794983
Bladder,200,20,0.26426563310547674,0.7551995553274918,0.508092144039671,211109.27209687233,54.217645302933526,4.5743167370438105,59.42524750293055,3966.9036631584167
Bladder,200,30,0.2468354857902157,0.7492268807315657,0.5388426942886729,210960.8312573433,52.262010050332115,4.569529554615645,56.0011118977132,4115.344502687454
Bladder,200,40,0.23327463141333404,0.7443875400686781,0.5592070207324432,210794.07292699814,50.22676571447787,4.568411216137253,55.2573003615442,4282.102833032608
Bladder,200,50,0.21994065222411305,0.7392323222314429,0.5797772514567164,210310.51638936996,45.13041303038186,4.5569101635420886,48.61658277928633,4765.659370660782
Bladder,200,60,0.20794719794688996,0.733887817489373,0.601085911217432,210235.88798499107,44.43458442060667,4.567402468311338,54.60312660871745,4840.287775039673
Bladder,200,70,0.19711847722169554,0.7301252648076731,0.6209681733083712,210100.63763666153,43.22671647310996,4.553236521319951,46.819327423269684,4975.538123369217
Bladder,200,80,0.18631076880452374,0.7253570586365641,0.6386689507636872,209759.53282237053,40.45337975144949,4.553491880672144,46.939948409529684,5316.642937660217
Bladder,200,90,0.17924012065281664,0.7217464802794947,0.6467711344693097,209714.15954089165,40.11106400468188,4.542689312373612,42.326886519663084,5362.016219139099
Bladder,200,100,0.17197850601882217,0.718740438540725,0.658182278733636,209693.46134305,39.95682458677989,4.541439911687532,41.85119083407351,5382.714416980743
Bladder,200,200,0.11889361165491952,0.6957708712661806,0.7361360441042746,207298.40670084953,27.652682166764205,4.496275201386621,29.7605101999136,7777.769059181213
Bladder,200,300,0.08924311450140983,0.677073944083738,0.7722370976550397,204286.36386108398,19.933264617988865,4.439559107028609,21.83799903641086,10789.811898946762
Bladder,200,400,0.07114687563471297,0.6706487618942487,0.7883091935051632,201554.86016631126,15.906453352803295,4.384565533536934,17.35759103647577,13521.315593719482
Bladder,200,500,0.05819193509186127,0.6728169723713858,0.7981363428553816,198379.4695136547,12.881353518854192,4.350793080998195,15.415327582258632,16696.706246376038
Bladder,200,600,0.04932418799119254,0.681743987593051,0.8036127424808684,194623.08261966705,10.515581887004808,4.232554159934107,11.07616472139723,20453.093140363693
Bladder,200,700,0.04248991421677352,0.6949178735429177,0.8078080114004198,191518.46404528618,9.12975667434696,4.17016323094445,9.643774827483336,23557.711714744568
Bladder,200,800,0.03710462577855118,0.7089006214675931,0.8113139963911556,187419.8481709957,7.776743859705454,4.080377335872246,8.130623516564503,27656.327589035034
Bladder,200,900,0.03277964005959706,0.7268409947108511,0.8127563855277671,184292.90181159973,6.986786919426837,4.052467208843268,7.752502423829309,30783.273948431015
Bladder,200,1000,0.029495338376724516,0.743305598572141,0.8143068319881083,180765.26933431625,6.2684492531751,4.044467609084132,7.6505248377640465,34310.90642571449
Bladder,200,1100,0.027373586394582837,0.7558818749424947,0.8154899131463575,176967.3184568882,5.643731955780659,3.9042888083544636,6.217395483351831,38108.85730314255
Bladder,200,1200,0.02529386423019629,0.7745857237443563,0.8150762759659168,173497.02585458755,5.172692954260587,3.8347932460115226,5.689060411345339,41579.14990544319
Bladder,200,1300,0.023860140711486417,0.79127169262463,0.8158167937231587,170053.04085373878,4.777014666075017,3.726216066874497,5.022279298497033,45023.13490629196
Bladder,200,1400,0.0230241118913439,0.8016481479789289,0.8134436484882799,167320.49645209312,4.5036774447951835,3.6964643699453896,4.866004677923083,47755.67930793762
Breast,200,1,0.12245080636346045,0.7560619051583555,0.365726060592107,319892.77615499496,77.96934248958,12.598045161884174,137.64755771618997,4156.10638999939
Breast,200,2,0.12094305273665991,0.7584397800253939,0.37014197326938214,319884.82755184174,77.82050983425077,12.60127942659133,142.65195766320096,4164.054993152618
Breast,200,3,0.1210171452859596,0.7583125777960182,0.3707042332420311,319845.2253918648,77.08737195747361,12.599645316886237,140.07882813726405,4203.657153129578
Breast,200,4,0.11764670897476723,0.7617831013083675,0.3867382108392224,319814.1666545868,76.52198894358575,12.59873500877188,138.6852815583652,4234.715890407562
Breast,200,5,0.11864531748350711,0.7598024392702348,0.3819435377559143,319963.4821205139,79.31875676206337,12.602655950348943,144.89399078739353,4085.4004244804382
Breast,200,6,0.11759601365103559,0.7613227257790345,0.3868121447329208,319670.0485005379,74.00346285222521,12.597754439648007,137.21486644828514,4378.834044456482
Breast,200,7,0.1173375393611948,0.7616408139944563,0.38899591122247157,320040.7309246063,80.84746118302357,12.603908733903756,146.9966262672984,4008.151620388031
Breast,200,8,0.11583598032923031,0.7640686497937468,0.3947234357009698,319759.84779930115,75.5528695286008,12.599493006658465,139.84371617465814,4289.034745693207
Breast,200,9,0.11654681509291984,0.7617355847766002,0.39250965150653816,319969.3037686348,79.43194636240405,12.601624352506496,143.20722059288485,4079.578776359558
Breast,200,10,0.11622539017119302,0.762008601715118,0.39268698156952986,319824.3202280998,76.70590660932709,12.598653108410202,138.56126255780205,4224.562316894531
Breast,200,20,0.10927009886042413,0.7646833505773147,0.4420571779809593,319444.73706269264,70.38198158390844,12.600177586548858,140.9067056342622,4604.145482301712
Breast,200,30,0.10436647772765267,0.7663828007018302,0.47943195029185626,319408.841155529,69.83749827764666,12.590269952102558,126.94184387053723,4640.041389465332
Breast,200,40,0.10038582261829014,0.7681514369740026,0.5102653434143825,319179.99030804634,66.55495064892197,12.592717602906966,130.12791100168704,4868.892236948013
Breast,200,50,0.09748496428740268,0.7692406436213655,0.5317352459092455,318871.8705689907,62.59380585693397,12.57411446787198,109.28141328991589,5177.011976003647
Breast,200,60,0.09491016294989567,0.7691897055252633,0.5536309484558742,318776.5063109398,61.461638578056125,12.57407988873809,109.24888152565532,5272.376234054565
Breast,200,70,0.09199494554016828,0.7695393758574736,0.5766786448156377,318567.13172769547,59.1141212625692,12.585409023299787,121.05558838332117,5481.750817298889
Breast,200,80,0.0904520308506866,0.7686621095596008,0.5933296821589772,318265.5063793659,56.03109209303569,12.56564864495169,101.85581399432397,5783.376165628433
Breast,200,90,0.08784199292759098,0.7680862189198818,0.616119987905395,317996.5345904827,53.541019944736725,12.557588927606805,95.66712630334642,6052.3479545116425
Breast,200,100,0.08599097796024836,0.7674033792200009,0.6319118571912341,317966.5387532711,53.276975725369965,12.555328549479107,94.06425502042165,6082.343791723251
Breast,200,200,0.07308744982592738,0.7580472942256025,0.7451880692183963,315138.8347930908,36.368927705888545,12.521841465403538,75.35887408702484,8910.047751903534
Breast,200,300,0.0629850714761497,0.7509146625778845,0.8042934381526126,310570.88504600525,24.04280625287986,12.401047966531374,43.881874163187476,13477.997498989105
Breast,200,400,0.05425450380343317,0.7465195238664383,0.835910077288532,305372.0965769291,17.350355842759747,12.29458131351011,32.07379370516265,18676.785968065262
Breast,200,500,0.04622974404391852,0.7447587171635199,0.8558505560064296,298745.1304049492,12.806356968386584,12.132309197346155,22.745230222233417,25303.752140045166
Breast,200,600,0.03939462512668139,0.7449435292441275,0.8673011048177831,291973.380846262,10.102691006632043,11.977576760561892,17.806810111381022,32075.501698732376
Breast,200,700,0.033403595421798625,0.7457019633203842,0.8745363930512835,284260.52384614944,8.144313893360014,11.863418263988763,15.348237291229665,39788.35869884491
Breast,200,800,0.028439647506029803,0.7482615966904321,0.8780531953569495,276005.8392050266,6.744969927319596,11.741567775137263,13.376858353397118,48043.04333996773
Breast,200,900,0.024111462867570887,0.7542760647131393,0.8814032812236932,267712.61714434624,5.752047641788949,11.508978792205365,10.742967700875647,56336.26540064812
Breast,200,1000,0.02075995133825643,0.7638082018111108,0.8824866964581787,258907.3024725914,4.974532121953805,11.283850806158457,9.023283963898209,65141.580072402954
Breast,200,1100,0.018172781408233873,0.7789327556765905,0.8838775939830438,252676.23638129234,4.540239152710523,11.191317903041512,8.46624948457567,71372.64616370201
Breast,200,1200,0.015993673761870657,0.7970043832953098,0.8831696874094582,246165.38748335838,4.160687476705383,10.954712898773721,7.3120420410092875,77883.49506163597
Breast,200,1300,0.014468581334247513,0.8159941090151889,0.8824859342659743,243144.6337044239,4.005338250943577,10.906886025562933,7.1159439393134845,80904.24884057045
Breast,200,1400,0.013568003847878403,0.8305058535841089,0.8798981624972326,243275.33355474472,4.011819297231957,10.876667267415723,6.997374047455649,80773.54899024963
Cervix_Uteri,200,1,0.30516467234359,0.7760631024282255,0.39430108865510083,210384.5487575531,66.42502383390625,4.1182052160302005,65.05684624533669,3215.658725500107
Cervix_Uteri,200,2,0.3008876017072839,0.776598388703692,0.4052522243378511,210295.7937271595,64.6408783107378,4.1231219173470715,70.44421534413918,3304.4137558937073
Cervix_Uteri,200,3,0.3001101672226893,0.7769358195914564,0.40679713695853575,210313.17042565346,64.98259793031485,4.116894699898371,63.75718821174607,3287.0370573997498
Cervix_Uteri,200,4,0.29345013331637665,0.774640645298826,0.42515638770592334,210199.39770126343,62.80863123448192,4.114130147743088,61.17896433202409,3400.8097817897797
Cervix_Uteri,200,5,0.29365109894342006,0.7733209278314057,0.42533830027283626,210242.11940550804,63.60768465584724,4.12179887853664,68.9086917730905,3358.088077545166
Cervix_Uteri,200,6,0.2914672302385523,0.7724362487531293,0.4295128845135798,210306.89721512794,64.85881684558626,4.11672776995029,63.5953603079243,3293.3102679252625
Cervix_Uteri,200,7,0.28630713272841785,0.7710942815396455,0.4447877897380464,210205.60257339478,62.92343679681588,4.114757610845148,61.74567503953654,3394.604909658432
Cervix_Uteri,200,8,0.28422327806660896,0.7708249852813116,0.4453927503218521,210232.4120707512,63.4243418417894,4.115451666218667,62.38488659328521,3367.795412302017
Cervix_Uteri,200,9,0.2867864323252617,0.7712202887404714,0.439540997479743,210192.4552640915,62.68067446175226,4.114472502864846,61.486875853520154,3407.7522189617157
Cervix_Uteri,200,10,0.2882891433780529,0.7713788465517751,0.4371157007038628,210078.35494089127,60.649957636196646,4.110661513353248,58.224809296763254,3521.8525421619415
Cervix_Uteri,200,20,0.2607572160549695,0.7632232788537061,0.4955673707210488,209572.76582288742,53.03620151614077,4.109441797524952,57.25267320718637,4027.4416601657867
Cervix_Uteri,200,30,0.24420108749575056,0.7551162368244995,0.5265292718637066,209555.22225737572,52.80617741867711,4.109233180178925,57.0896430020261,4044.9852256774902
Cervix_Uteri,200,40,0.22902169557649593,0.748602599335688,0.5503573530510243,209321.35925507545,49.92002429214551,4.097581928768685,49.25615830171773,4278.848227977753
Cervix_Uteri,200,50,0.21610930128862943,0.7430558852262819,0.5732825144489991,209071.4944858551,47.16576378657838,4.101485508726896,51.629647950553526,4528.712997198105
Cervix_Uteri,200,60,0.2014772666655279,0.7359351940860288,0.5954053732548457,209027.04119348526,46.70729073865215,4.099520012408551,50.406655314706555,4573.166289567947
Cervix_Uteri,200,70,0.19276222300233306,0.7321125955744703,0.606283608530783,208789.7358763218,44.40317393915329,4.086228590920384,43.4470561257252,4810.471606731415
Cervix_Uteri,200,80,0.18388208101741915,0.7278472611522427,0.6187754916552108,208429.15410637856,41.306904401055135,4.074742729947238,38.815817012777664,5171.053376674652
Cervix_Uteri,200,90,0.17439051584421406,0.7234997137445076,0.6338739297546494,208433.515106678,41.34176992223193,4.0899474520012875,45.19289866213713,5166.692376375198
Cervix_Uteri,200,100,0.16641250128701393,0.7203214863779469,0.6487207476695636,208008.58439421654,38.20003674952498,4.071654088341025,37.734194070844936,5591.62308883667
Cervix_Uteri,200,200,0.11508819545083533,0.6954099147793935,0.7224466780218695,205840.82209062576,27.52798020465775,4.042459812291468,29.867443186601616,7759.3853924274445
Cervix_Uteri,200,300,0.08664253556028977,0.679537192768037,0.7570914261965921,203146.77137613297,20.433492422807127,3.9941451433816466,22.205982077462377,10453.436106920242
Cervix_Uteri,200,400,0.06877444197723785,0.6726375601153768,0.774149610066379,200428.4847252369,16.21657329192564,3.9458771890198805,17.676158167594146,13171.722757816315
Cervix_Uteri,200,500,0.05641191164568402,0.6764932612848806,0.7822669307397394,197354.92898082733,13.148448483280012,3.8914239414855034,14.369323082530745,16245.278502225876
Cervix_Uteri,200,600,0.047850134707456915,0.6875224517106647,0.7873646076434876,193893.42094683647,10.838916182022018,3.828614150300246,11.818933572881432,19706.786536216736
Cervix_Uteri,200,700,0.04145342741622184,0.7000517777640027,0.7912485747655125,190308.4984190464,9.17065411112894,3.764536504220374,10.006961031466508,23291.709064006805
Cervix_Uteri,200,800,0.0364543421752157,0.713927645743661,0.7932750970019126,186868.60764455795,7.990550837718845,3.704836220852461,8.756239074241519,26731.599838495255
Cervix_Uteri,200,900,0.03225457198923161,0.7306473609455113,0.7943894859879693,183203.39224338531,7.0270587822735,3.639998783793743,7.709721124708146,30396.815239667892
Cervix_Uteri,200,1000,0.02921048648199559,0.7488715951624656,0.7947198500762142,179777.94537234306,6.315373193663905,3.5183773210674665,6.297821557868388,33822.262110710144
Cervix_Uteri,200,1100,0.026952334966869558,0.7623501119509916,0.7951104683812811,176257.71793723106,5.720031258787637,3.408582420214227,5.404350318222734,37342.48954582214
Cervix_Uteri,200,1200,0.025120568488870117,0.7766914473355224,0.794680949356971,172821.8076426983,5.238072320622822,3.375076825752502,5.180084924613414,40778.39984035492
Cervix_Uteri,200,1300,0.02347684306229402,0.7907869997313994,0.7912899641582349,169783.3860692978,4.874844879003425,3.309513030400056,4.791043669519707,43816.82141375542
Cervix_Uteri,200,1400,0.022576872112707574,0.8036900237034152,0.789880879648808,166373.0362534523,4.522824508048737,3.307428740143393,4.77963204812342,47227.17122960091
Fallopian_Tube,200,1,0.3553763831533765,0.7636517708974071,0.5746018468802279,208043.51133036613,68.33099816285976,3.9626870390393916,64.84794479945933,3089.862277507782
Fallopian_Tube,200,2,0.3529084057837059,0.75815209034785,0.5768213207629836,208029.88510608673,68.03098303289667,3.962821944951965,64.9892081091151,3103.4885017871857
Fallopian_Tube,200,3,0.3506196174842757,0.7523915345358038,0.5796689352800751,207964.2398967743,66.62179410997933,3.9666468227260405,69.26727783241577,3169.1337110996246
Fallopian_Tube,200,4,0.3465649295423288,0.7446116056308639,0.5830753564273367,208028.61001944542,68.00304357947617,3.962403617421982,64.55315828292672,3104.7635884284973
Fallopian_Tube,200,5,0.34032509381300974,0.7348935388276112,0.5879892566209127,208074.11701726913,69.01460121268714,3.9691567756742336,72.39451105413711,3059.256590604782
Fallopian_Tube,200,6,0.3456645977091762,0.7421471002293978,0.5842257591748213,208004.33344316483,67.47544374442478,3.962245217084139,64.38957080376817,3129.040164709091
Fallopian_Tube,200,7,0.3400528379608844,0.7340207182072803,0.5885495404086191,208062.72679567337,68.75859925308943,3.9620571509382523,64.196419389902,3070.6468122005463
Fallopian_Tube,200,8,0.336926303947544,0.7270027394454543,0.592680300470479,208026.14783406258,67.9491575370452,3.961112925911271,63.24391715092121,3107.2257738113403
Fallopian_Tube,200,9,0.3373242671376477,0.7315964222714891,0.5894054523836827,207920.5958096981,65.71676812749195,3.960605448298041,62.7435764287721,3212.7777981758118
Fallopian_Tube,200,10,0.3332139365439096,0.7259949836172782,0.5920643131222408,207980.72840809822,66.97022983204567,3.966812508899694,69.46535919088353,3152.645199775696
Fallopian_Tube,200,20,0.3057452612233959,0.7013015197655184,0.599962932425025,207765.77990078926,62.69561947562054,3.963634421580097,65.85316022841808,3367.5937070846558
Fallopian_Tube,200,30,0.2768312093181407,0.6827668629881172,0.6049043661841226,207272.28220033646,54.68230386768576,3.9442363715305198,49.98753062510196,3861.0914075374603
Fallopian_Tube,200,40,0.25715696304272956,0.6720705161764494,0.6053366501942893,207156.48116493225,53.09003867645482,3.952142607190385,55.430573308388624,3976.8924429416656
Fallopian_Tube,200,50,0.2348708253378649,0.6624523397510315,0.6056714764462595,206722.04190063477,47.86159545912102,3.9373625777679093,46.05563578414253,4411.331707239151
Fallopian_Tube,200,60,0.2160344371318667,0.6512164923460553,0.6041143023719184,206695.47225618362,47.575048852191856,3.9323915832921195,43.5768293137504,4437.901351690292
Fallopian_Tube,200,70,0.20239225817477516,0.6445282762193032,0.6037282428438661,206166.9474925995,42.51213422032502,3.934457976339667,44.574097698243314,4966.426115274429
Fallopian_Tube,200,80,0.1880537234125396,0.6384315680326542,0.600499787825923,205920.47859883308,40.5021342731248,3.916828111496521,37.29267825755536,5212.8950090408325
Fallopian_Tube,200,90,0.17630558118781603,0.6307040177904054,0.598809361508748,205854.18641328812,39.993537987136904,3.9300088240511624,42.480880598391856,5279.1871945858
Fallopian_Tube,200,100,0.16818450904480084,0.6265223352830892,0.5971560091678969,205702.84155631065,38.87894806680975,3.928242836954095,41.70353378082808,5430.532051563263
Fallopian_Tube,200,200,0.11148494751040534,0.588759583695109,0.5820779109674754,203593.43533349037,28.002002924239573,3.8722110653262973,26.38482052950812,7539.938274383545
Fallopian_Tube,200,300,0.08653513121106204,0.5588025659301497,0.5746554012325401,197521.1733598709,15.510598563141803,3.7577874237417004,15.076005091865618,13612.200248003006
Fallopian_Tube,200,400,0.07152651130973085,0.5797201406175349,0.5703393584339501,198017.98525953293,16.098141206362442,3.7673761722062213,15.637675213119826,13115.388348340988
Fallopian_Tube,200,500,0.06101539649880032,0.6241780439363955,0.5657206110421088,194872.147077322,12.983852922237594,3.7372927936381473,14.001147514736441,16261.22653055191
Fallopian_Tube,200,600,0.05400733643364304,0.6523169767818366,0.561607539753718,191161.2648859024,10.571411188824746,3.6641736568420407,11.161949558104068,19972.108721971512
Fallopian_Tube,200,700,0.04851655072713471,0.671332852002752,0.5580852007398499,187945.96832680702,9.105519615007104,3.5663328844749707,8.77964269902695,23187.405281066895
Fallopian_Tube,200,800,0.04510451573833634,0.6868139749525451,0.5554196183477587,184765.67671966553,8.007273995260944,3.5531062108483313,8.533429122881797,26367.69688820839
Fallopian_Tube,200,900,0.042533555572380644,0.7036142010476183,0.5530908917022319,181081.55712342262,7.025644313950659,3.486933888140669,7.48348796507078,30051.816484451294
Fallopian_Tube,200,1000,0.03995809451681739,0.7212408631219583,0.5520947367894866,177800.34154701233,6.33405845655964,3.3674362746472557,6.123015935322528,33333.03206086159
Fallopian_Tube,200,1100,0.03830586067802864,0.7428662228355463,0.5511134858691297,174108.85500979424,5.702528529805775,3.3604552168730897,6.058669452690606,37024.51859807968
Fallopian_Tube,200,1200,0.036760324036614445,0.7466440857533383,0.5485017703734292,170834.39194846153,5.239173917402471,3.2349562421014766,5.095942953814487,40298.981659412384
Fallopian_Tube,200,1300,0.035477907051938415,0.77301509049344,0.5410096639700991,167484.89568185806,4.837130265246474,3.1758433483943502,4.741091913122666,43648.477926015854
Fallopian_Tube,200,1400,0.03521145674715144,0.7768617091649982,0.5341046885041908,164737.20117855072,4.550663611949893,3.082139550689508,4.269786274579014,46396.1724293232
Kidney,200,1,0.23954806693531022,0.738738603817935,0.4049149377379319,271740.386739254,78.01982090981852,5.672275219603079,80.67185052806029,3528.1877253055573
Kidney,200,2,0.23779917656369642,0.740624555216918,0.40871588931072766,271637.9928896427,75.819415921226,5.6669320055340675,75.04009783442966,3630.5815749168396
Kidney,200,3,0.23240624316623176,0.7404647921939861,0.42167206940164403,271738.5057654381,77.97824856299974,5.678947048468088,89.01342475056165,3530.068699121475
Kidney,200,4,0.22845070276915197,0.7362112912042208,0.43246272839367783,271719.44655537605,77.55949672940548,5.671926032251264,80.27811619430385,3549.127909183502
Kidney,200,5,0.22745769363763338,0.7364600609087296,0.43475136499735806,271605.59190273285,75.14875373233687,5.669559934749716,77.70818116358784,3662.982561826706
Kidney,200,6,0.22805800199967363,0.7369732170709606,0.43429519693673513,271557.7363996506,74.17962456179323,5.665257698351414,73.43371294606486,3710.8380649089813
Kidney,200,7,0.22173641704621994,0.7300449933262121,0.45228526893556037,271377.6363723278,70.74606892721647,5.672623217721095,81.06810532089078,3890.9380922317505
Kidney,200,8,0.22106754517697805,0.7300740220826507,0.4529318627982914,271645.7768661976,75.98232222220224,5.668614182561634,76.72640041205443,3622.797598361969
Kidney,200,9,0.21771038550331367,0.7301601230027922,0.45984927576919365,271361.97441983223,70.46244082142094,5.664890778848406,73.09082301932168,3906.6000447273254
Kidney,200,10,0.2173444574391423,0.729298580812336,0.46085069957275215,271505.2065141201,73.14420967857158,5.663900453239321,72.18113979044516,3763.367950439453
Kidney,200,20,0.20131074940036828,0.719187314044311,0.5066890897624553,271364.24407839775,70.503401925257,5.663528661156287,71.84544184460015,3904.330386161804
Kidney,200,30,0.18971478058470576,0.7128710564041105,0.5324910886443232,270937.1843287945,63.55201582780939,5.652203697160613,62.93042253309519,4331.390135765076
Kidney,200,40,0.18021143041746568,0.7088765095862632,0.5552228994767676,270967.64073967934,64.00204980424938,5.653941431612541,64.15188197560528,4300.9337248802185
Kidney,200,50,0.17297518357842193,0.7057155994396006,0.5740956939424904,270735.4888148308,60.72432681280344,5.653572815635994,63.888834515877065,4533.085649728775
Kidney,200,60,0.16665803704532556,0.7023389507887831,0.5900548902654409,270321.79039883614,55.6459652993372,5.639317343988454,55.14436814805369,4946.784065723419
Kidney,200,70,0.15972376947151704,0.6992139355626165,0.6078912366287861,270442.7672741413,57.04093918445643,5.641263852016264,56.19458115604301,4825.807190418243
Kidney,200,80,0.1536606456481134,0.6965996120497508,0.6246399570498624,270180.20491051674,54.09759875751416,5.650614791062662,61.85358704276916,5088.369554042816
Kidney,200,90,0.1492115269684795,0.6941930111459977,0.6366870886892286,269833.9326593876,50.650729952909806,5.630635303235596,50.901323062927396,5434.641805171967
Kidney,200,100,0.14409855365993196,0.6911769571122791,0.6499597894944763,269393.60222411156,46.854446829448996,5.621223415160224,46.98240103157444,5874.972240447998
Kidney,200,200,0.10935316430180697,0.6757084372286214,0.7322572453452031,266909.070538044,32.92881693510938,5.574056854455016,33.902015909848515,8359.50392651558
Kidney,200,300,0.08397693542774037,0.665736163462716,0.7712800720564854,264604.7046954632,25.81319731250666,5.549135849059877,29.55450777109017,10663.869769096375
Kidney,200,400,0.06719753338035796,0.6609289533965284,0.7920070222029924,261591.87053084373,20.12682118430357,5.463975133690095,20.549416532605388,13676.70393371582
Kidney,200,500,0.05432908337835968,0.6598785364039866,0.8041614569454978,258168.61914992332,16.09761952003179,5.385555998822853,16.047037930091918,17099.95531463623
Kidney,200,600,0.045154998193884736,0.6633521202026684,0.8119577819010706,254664.00901913643,13.359591358220307,5.3313873987449325,13.937645024791683,20604.565445423126
Kidney,200,700,0.03811598437999213,0.6739219183620091,0.816184561914279,251176.97098731995,11.425913377854563,5.250206709670626,11.64380711566662,24091.60347723961
Kidney,200,800,0.03249004976526951,0.6961782329101726,0.8209689746413489,247345.64414978027,9.858154977340007,5.151105305853214,9.695824243243626,27922.93031477928
Kidney,200,900,0.028021228149897957,0.7280515348920648,0.8246183317755038,243548.55069422722,8.678069614878964,5.105904998787975,9.008437459231907,31720.023770332336
Kidney,200,1000,0.024620538812683824,0.7648707389613361,0.8273958128024878,239649.31017446518,7.728081417479221,5.025719496491214,8.002035679943218,35619.264290094376
Kidney,200,1100,0.02182021788107544,0.7962535907184117,0.8298790116256678,236615.45823550224,7.121510535743755,4.936050476665277,7.113360018438955,38653.11622905731
Kidney,200,1200,0.01971158681462172,0.8210631963435523,0.8320366776206966,232504.69611406326,6.436941294436288,4.852594318148915,6.446989557660854,42763.87835049629
Kidney,200,1300,0.018253207867592727,0.8371111903191586,0.8325818093457737,229297.1273329258,5.987816169379241,4.871900907814349,6.589800132206692,45971.44713163376
Kidney,200,1400,0.016778868860521306,0.8612308930601512,0.8363808054549797,225535.43408942223,5.5349123821300505,4.7327260892099785,5.682415384956213,49733.14037513733
Liver,200,1,0.13951180261195112,0.7512033144918459,0.3557504350375533,151613.59786367416,41.444110731013765,5.811037410813204,76.54775506990876,3748.7187905311584
Liver,200,2,0.13700957075152756,0.7508592603817251,0.364134539660344,151719.17624926567,42.64516306962891,5.813924962057208,79.533464167754,3643.1404049396515
Liver,200,3,0.1364063379836355,0.7513408385498375,0.3659532770688699,151679.72035241127,42.188256306703344,5.8196864292424495,86.24551011238485,3682.596301794052
Liver,200,4,0.13544409668316618,0.7517183196255561,0.37006542973551737,151573.86626386642,41.00946314366474,5.807685064692259,73.35090533732082,3788.4503903388977
Liver,200,5,0.13480866326106386,0.7513816039587435,0.37291951536057555,151534.2897913456,40.585482343805175,5.81681789175228,82.76779621441186,3828.026862859726
Liver,200,6,0.13343961543598565,0.7521200479332112,0.37817625386089165,151652.35932016373,41.87711681442842,5.818025506652027,84.19709289441968,3709.9573340415955
Liver,200,7,0.13404607601604798,0.7517124343739757,0.37558253575603895,151677.59701037407,42.16394506819645,5.81227606939539,77.80061505514746,3684.719643831253
Liver,200,8,0.13045122341773058,0.7517250034353125,0.39285000445505097,151654.8037521839,41.90472717424632,5.8166280713783145,82.54753210172974,3707.512902021408
Liver,200,9,0.130065930879328,0.7518036229252134,0.3934435719531918,151650.55022025108,41.856706077460245,5.810829355002423,76.34126124318738,3711.766433954239
Liver,200,10,0.13053022157955338,0.7511468788666343,0.3924472640341495,151455.11407089233,39.763056391734565,5.804536034390631,70.58197789132002,3907.2025833129883
Liver,200,20,0.12132672804839122,0.752781295214903,0.44150787796971835,151356.03917694092,38.77971946174107,5.803945271862958,70.08564702427101,4006.2774772644043
Liver,200,30,0.11703492459803305,0.7530620429286285,0.4674581935452191,150985.67656683922,35.49807924637997,5.797643907635994,65.19555438583345,4376.640087366104
Liver,200,40,0.11108388669022233,0.7527104652740366,0.5045921529590744,150897.3867676258,34.7961380359379,5.805103127569241,71.06508111707404,4464.929886579514
Liver,200,50,0.10712475667103617,0.7530605556463446,0.5281376754141901,150462.99976539612,31.7110160824822,5.7839772332877875,56.62644717160497,4899.316888809204
Liver,200,60,0.10391016946535844,0.7525887949413351,0.5471371158493188,150501.25192975998,31.96055297781135,5.797703960165807,65.23893458921864,4861.064724445343
Liver,200,70,0.1004745004761504,0.7518237600018766,0.5669784964030878,150312.1568570137,30.76384171855352,5.784495231060407,56.90995882290783,5050.15979719162
Liver,200,80,0.0975536980206177,0.7515615367615414,0.5847187381971187,150085.45853710175,29.442200871506927,5.777607051308054,53.357541434477184,5276.858117103577
Liver,200,90,0.0948189686351706,0.7504940783481537,0.6007765626133037,149848.67930483818,28.177826507221752,5.771664868035354,50.63110907808401,5513.637349367142
Liver,200,100,0.09264533464665457,0.750469084075704,0.6131925186758777,149875.71689677238,28.316684927441475,5.775205792430382,52.22117891898004,5486.599757432938
Liver,200,200,0.07460980365946546,0.7439225129511152,0.7177748107569151,146992.69413661957,18.56264321691537,5.732097516335115,37.77754450720004,8369.622517585754
Liver,200,300,0.06228696783060747,0.7384940519152781,0.7732132680957676,144640.27892184258,14.48999905915917,5.667939527599468,26.761416069304754,10722.037732362747
Liver,200,400,0.052886238768106456,0.736166864856451,0.8047926066635074,141362.71830797195,11.097626718412675,5.58411487134933,19.37839498342961,13999.598346233368
Liver,200,500,0.04515842404309654,0.7382526414598551,0.8222722159730034,137594.90935063362,8.74423116438455,5.520785369614225,16.03601537868857,17767.4073035717
Liver,200,600,0.03864087076098296,0.7407810332660719,0.8349805899521124,133247.77426242828,7.025346213447965,5.4118432135225465,12.366721838093087,22114.54239177704
Liver,200,700,0.0329983644469703,0.7459680801043617,0.8438559992107638,128674.11840057373,5.821386486180813,5.333377184797442,10.616984420882831,26688.19825363159
Liver,200,800,0.028191908734723457,0.7527428251978953,0.8485658470306054,123649.1971848011,4.898991939411505,5.234029914756299,9.004006724812728,31713.11946940422
Liver,200,900,0.02435687229780615,0.7659784396126439,0.8522325098396945,118218.87783169746,4.182766097576841,5.181179377379413,8.330715498719853,37143.43882250786
Liver,200,1000,0.021012422654065964,0.7818396489354135,0.8550137153306918,112601.42425274849,3.6332805030259903,4.994610757473535,6.590906773482957,42760.89240145683
Liver,200,1100,0.018530065875388434,0.7999414472937085,0.8574189316443485,106272.42541313171,3.1648535518492524,4.958560008748144,6.335249238829891,49089.89124107361
Liver,200,1200,0.016707556865946573,0.8187349633169773,0.8592864694669743,100075.82269477844,2.810131472041275,4.749359630897253,5.171240283560501,55286.49395942688
Liver,200,1300,0.015366310530474873,0.8351423901738398,0.8610879166673121,94074.67168331146,2.5349695966942196,4.53179669116234,4.341640019331966,61287.64497089386
Liver,200,1400,0.014559073989861,0.847734913667551,0.8611405488781245,87367.54558181763,2.2849156516580598,4.428138720758589,4.033351060523726,67994.7710723877
Ovary,200,1,0.1279736184922131,0.7152634133174456,0.2978150564357461,132372.39478182793,38.14577866599307,4.9917012561395016,76.08125329227383,3563.5918679237366
Ovary,200,2,0.1272227291835917,0.7156954837768272,0.2997192871849712,132141.5801241398,35.82536181407998,4.987908999541661,71.97574608668681,3794.4065256118774
Ovary,200,3,0.12709426194728451,0.7157462375748125,0.29986410554951415,132243.58408284187,36.815050414050035,4.982354629770071,66.70373419907231,3692.40256690979
Ovary,200,4,0.12455195009050214,0.7162979381666572,0.3077656270818173,132241.07581472397,36.79005873729908,4.981883379458585,66.29176320689957,3694.9108350276947
Ovary,200,5,0.12425445312173743,0.7164618989876002,0.3087621081793422,132064.19166517258,35.10929354244454,4.986605027030545,70.66456827559126,3871.7949845790863
Ovary,200,6,0.12264343040964186,0.7185799991107784,0.31443274400479776,132163.64196419716,36.03487962547361,4.978718012034049,63.651205857305435,3772.3446855545044
Ovary,200,7,0.12248561496457376,0.7184903586248564,0.314868107276735,132221.93322062492,36.60043918154225,4.982894057447819,67.1816366109808,3714.0534291267395
Ovary,200,8,0.122638656857825,0.7181953020545493,0.3144854904077147,132063.4890716076,35.10292360593292,4.979439521790661,64.23441169753067,3872.4975781440735
Ovary,200,9,0.12162300592514322,0.7177256804833455,0.31857342537063454,132089.83964538574,35.343419400102256,4.978637310971856,63.586631963043445,3846.147004365921
Ovary,200,10,0.12156185677117326,0.7167345111759031,0.3183614560118858,132193.08450698853,36.31833840822755,4.98887903796138,72.98314847274855,3742.902142763138
Ovary,200,20,0.11179501493339153,0.7247551755747361,0.36240092792992845,131712.92013311386,32.188928617202365,4.972694998420823,59.166810364100535,4223.066516637802
Ovary,200,30,0.10674848355599022,0.7306878701326537,0.3888465444678151,131834.16761541367,33.14041538931293,4.98188168787468,66.29029357582363,4101.819034337997
Ovary,200,40,0.10090920555597621,0.7351393256900348,0.4233697195642151,131539.68104338646,30.92050435550621,4.968471416936044,56.381332937084665,4396.305606365204
Ovary,200,50,0.09755459836385907,0.7377488111492434,0.4425078824049612,131423.36722159386,30.123521119804472,4.965609616573309,54.63841073753543,4512.619428157806
Ovary,200,60,0.09338297853772977,0.7402185398366891,0.47129751479588894,131056.45656466484,27.858417568775565,4.954838521629387,48.94383729817637,4879.5300850868225
Ovary,200,70,0.08996051313357237,0.7419700578499514,0.4941449895721345,130938.99898838997,27.203586612961278,4.965944696586266,54.83689437151456,4996.987661361694
Ovary,200,80,0.08734451762900469,0.7439283761409142,0.5111876252809981,130725.29868721962,26.08791538223216,4.951079110579212,47.225915139382565,5210.6879625320435
Ovary,200,90,0.08473797912348423,0.7450551566669418,0.529712256694837,130596.57405924797,25.458977808067864,4.959940034411691,51.485310907429515,5339.412590503693
Ovary,200,100,0.08211140703304733,0.7467252266048051,0.5496615443693962,130368.96350383759,24.418074631057,4.943751672571892,44.20193401022742,5567.023145914078
Ovary,200,200,0.06608035944183087,0.7501567482313151,0.6756125674765758,127752.75001502037,16.611518488028583,4.903197213760505,32.63597313973186,8183.236634731293
Ovary,200,300,0.05586776921957338,0.7499099583647478,0.7532178468536964,124970.11731600761,12.39627999500696,4.848245556765469,24.09351596442128,10965.869333744049
Ovary,200,400,0.04866606656348382,0.7501680954988715,0.7956430173404081,121863.85922551155,9.659945689206417,4.785355004910649,18.53967958971303,14072.127424240112
Ovary,200,500,0.04202876758675379,0.750979380439164,0.8244890572281759,118559.3855047226,7.82293300716285,4.692847094308832,13.845214979908027,17376.601145029068
Ovary,200,600,0.036573799586501594,0.753581609624059,0.840311676883469,114627.99460625648,6.379577501825175,4.654311582657592,12.524177011692355,21307.99204349518
Ovary,200,700,0.03159632316934848,0.7562765407642507,0.8513398274286378,110595.67370963097,5.364416255275504,4.538577270493759,9.73461818816366,25340.312940120697
Ovary,200,800,0.027239032139942554,0.7591771323642437,0.8580845210210187,106201.99822211266,4.571737390043287,4.440760565162948,8.19239237679491,29733.988427639008
Ovary,200,900,0.023555625347061345,0.7626300469527817,0.8625234326016314,101177.01976203918,3.9108178067802677,4.39515333085608,7.628871450687215,34758.96688771248
Ovary,200,1000,0.020311487871297922,0.7697463307477961,0.8647234895818198,96323.86229968071,3.4316762577139635,4.306875279707737,6.732487887765337,39612.12435007095
Ovary,200,1100,0.017871405392646013,0.778892620475726,0.865046338375774,91048.06370425224,3.0283420958193603,4.105887201163104,5.3115568964395665,44887.92294549942
Ovary,200,1200,0.01586425753021825,0.7914753329899864,0.8652129721591691,85756.22626900673,2.708980386082379,4.087561998095841,5.211275598854652,50179.760380744934
Ovary,200,1300,0.014266924243653023,0.8042333954440717,0.8655336078148604,80074.71538734436,2.4334567326832723,3.837178128605985,4.142633711999208,55861.2712624073
Ovary,200,1400,0.013474393175106271,0.8152957976475906,0.8649008008153265,74557.49990034103,2.214717140302534,3.756083149790435,3.8846302926175618,61378.48674941063
Pancreas,200,1,0.13894292616997309,0.786792000282177,0.42156573711556045,223430.48359966278,59.4449572223458,8.751403688217463,111.24316508507839,3822.921501159668
Pancreas,200,2,0.1386529809814654,0.787520790382437,0.42267305314084186,223191.3687055111,55.94568413102647,8.745235853283654,103.22300227346219,4062.0363953113556
Pancreas,200,3,0.13607339686841982,0.7852765224613868,0.43741467003958345,223403.76300811768,59.032346287847595,8.749471591114828,108.59994984505647,3849.642092704773
Pancreas,200,4,0.13517396035456136,0.7858146345823516,0.44216260250909684,223282.70134592056,57.232525801068675,8.755323167435085,117.02101396465895,3970.703754901886
Pancreas,200,5,0.13410503470928245,0.7864378966464936,0.443572947709651,223344.5689804554,58.138381375651726,8.749118803500684,108.13081999298807,3908.83612036705
Pancreas,200,6,0.13332671013603387,0.7878889374372449,0.4468835991733813,223391.51965928078,58.84519583525048,8.750006871387676,109.31958013810024,3861.8854415416718
Pancreas,200,7,0.132118968950514,0.7815289229922139,0.46237273142319085,223326.6090438366,57.87247460853836,8.74763878188329,106.20609966100228,3926.796056985855
Pancreas,200,8,0.13142737130887858,0.7819659660486463,0.4654777962083948,223132.67260932922,55.1487886122093,8.753252203797985,113.89534539916941,4120.732491493225
Pancreas,200,9,0.13160625302869194,0.7798396466167824,0.4650343671204955,223363.68896722794,58.42416189142729,8.75472455250575,116.10004623646734,3889.716133594513
Pancreas,200,10,0.1299789324326433,0.7787922430150916,0.4759154537924158,223276.70374393463,57.14620855478871,8.755199768280495,116.82997105272423,3976.7013568878174
Pancreas,200,20,0.12392379840966708,0.7749415097525242,0.5193644571808022,222930.33479976654,52.567594157632804,8.749432113387886,108.54725098614432,4323.070301055908
Pancreas,200,30,0.11795904019594572,0.7675134803339869,0.5656449598069038,222756.3441886902,50.53376183714425,8.746261935965208,104.47607509883521,4497.060912132263
Pancreas,200,40,0.11394196541623308,0.7636589734047502,0.5934656070889615,222595.14509248734,48.78504091531894,8.743222660822523,100.84978565794914,4658.2600083351135
Pancreas,200,50,0.11066979510633913,0.7605838700324513,0.6132850721683162,221937.4544711113,42.749344553858386,8.71607335598877,76.98152288607143,5315.950629711151
Pancreas,200,60,0.10818031824767668,0.7577887984452155,0.6300103386523571,222274.62823462486,45.644424566144785,8.725220267938239,83.65168365991676,4978.776866197586
Pancreas,200,70,0.10571857296420076,0.7553593619200633,0.6459765127330089,222058.46606564522,43.74515341989369,8.72397427519555,82.67586400751154,5194.939035177231
Pancreas,200,80,0.10312401547179621,0.752693638700041,0.662036035401436,221537.24764442444,39.756323515277046,8.723510852679174,82.3187103924954,5716.15745639801
Pancreas,200,90,0.10085534747690515,0.7507112012484084,0.6751637767409179,221561.6993868351,39.927117901114926,8.722548776147056,81.58701579854231,5691.7057139873505
Pancreas,200,100,0.09864830888348468,0.7481320507893139,0.689191855850483,221426.3956272602,39.00000611495403,8.709358098914244,72.72427294367547,5827.009473562241
Pancreas,200,200,0.08260693147082371,0.7315511883962806,0.7736567058776054,218723.62089300156,26.64233930941132,8.643773196009127,47.220117361649564,8529.784207820892
Pancreas,200,300,0.06973975386907112,0.7211344122622287,0.815439661100812,215681.8530139923,19.63897352710921,8.609106180063124,39.83569484195436,11571.55208683014
Pancreas,200,400,0.0590182682039279,0.7165530462338984,0.838191044530037,211100.52448630333,14.068908854347272,8.523686115228786,28.755381423600024,16152.88061451912
Pancreas,200,500,0.04971668364967033,0.7154756988149298,0.8497400712933739,206463.86730265617,10.931142736654163,8.398444998667621,20.425492376113382,20789.537798166275
Pancreas,200,600,0.04217616001761838,0.7169710570774664,0.8555293233889575,200622.47887778282,8.533439775902918,8.308020770397103,16.89243815978289,26630.926223039627
Pancreas,200,700,0.03578674087271176,0.7221727146089173,0.8577981365647163,194919.64956617355,7.028364053080608,8.159047042655088,13.146149695309381,32333.755534648895
Pancreas,200,800,0.030625918222478985,0.7314035625329027,0.8589343912948351,187765.84211301804,5.7550628072694385,7.996792453296224,10.588549516308197,39487.56298780441
Pancreas,200,900,0.02628923003581846,0.7475730601683376,0.8584917027500263,181208.65896558762,4.935490456031014,7.873609506507238,9.225866492697246,46044.74613523483
Pancreas,200,1000,0.02272834431902147,0.7702872163006579,0.8581331179756376,173565.6499657631,4.2328721796829365,7.690315638186656,7.743106229216324,53687.75513505936
Pancreas,200,1100,0.020063723961295424,0.7932398847909925,0.8560748249064819,165093.1869814396,3.655929981847346,7.632261976377956,7.368048655306926,62160.21811938286
Pancreas,200,1200,0.017962976337957143,0.8193700014156868,0.8556044263609386,158116.05668616295,3.2869846806655505,7.371630203715296,6.05198149288123,69137.3484146595
Pancreas,200,1300,0.016257748551701447,0.8414710434754615,0.855271917179924,150221.11976242065,2.9501059731319317,7.215664347893633,5.46756593147359,77032.2853384018
Pancreas,200,1400,0.01505653256635437,0.8609356977994216,0.855676542233141,142496.82489919662,2.6812479285999227,7.024459041189241,4.8888072675240455,84756.58020162582
Pituitary,200,1,0.11782140228094763,0.7543150824653438,0.33562436182851907,213501.69455122948,53.986133522981454,8.344683858704874,97.7224225482812,4029.388074874878
Pituitary,200,2,0.11603419363057269,0.7542106219574012,0.34208052838816205,213686.86965870857,56.58663671109467,8.347958080988674,101.57740634479477,3844.2129673957825
Pituitary,200,3,0.11589136441791974,0.7542383459379419,0.3430089699740397,213675.08845353127,56.41374776273241,8.35582155088455,112.20801904900765,3855.9941725730896
Pituitary,200,4,0.11558033889495417,0.7544586864711712,0.343994901686111,213662.837174654,56.23507746762655,8.348544842064802,102.30060845650425,3868.245451450348
Pituitary,200,5,0.11535852489446548,0.7540973939933114,0.3449064130486662,213680.20603823662,56.488718260003544,8.348649529642469,102.43072324492013,3850.876587867737
Pituitary,200,6,0.11498965215252982,0.7541441756316087,0.34636892933448116,213658.81818771362,56.17671160818442,8.347461660323061,100.9734891589966,3872.264438390732
Pituitary,200,7,0.11317620541172667,0.7542459460219413,0.35474144686714887,212780.52958226204,45.790685972461446,8.33017938190264,83.65786367274056,4750.553043842316
Pituitary,200,8,0.11328237786857293,0.7539170219078403,0.35439322197174306,213595.05629372597,55.26667360852202,8.34894455057348,102.79918787495578,3936.0263323783875
Pituitary,200,9,0.112503133030003,0.7542533654504701,0.35749542003482493,213638.6292090416,55.8853399947052,8.34767013083934,101.22622573809385,3892.4534170627594
Pituitary,200,10,0.11200732908627792,0.751962855234886,0.359743616403425,213378.6229186058,52.38607908302751,8.344894066087164,97.96110413320127,4152.45970749855
Pituitary,200,20,0.10583210017582731,0.7550879567228549,0.3956649541545636,213245.9734327793,50.764419951060916,8.343142600864269,96.0072934963668,4285.109193325043
Pituitary,200,30,0.10017414727143094,0.7558800311836551,0.4343345966928508,212970.8436615467,47.70168500308082,8.334141965161699,87.08188158281045,4560.238964557648
Pituitary,200,40,0.09630602909335084,0.7563130674404317,0.46352252018058065,212963.83740663528,47.6285095660775,8.334537468459702,87.43907753917816,4567.24521946907
Pituitary,200,50,0.09297785892857868,0.7557585532584763,0.49078664594076954,212646.86118650436,44.53751438508074,8.338751901428177,91.43560800498535,4884.221439599991
Pituitary,200,60,0.08988058144079904,0.7555332020241908,0.5155011257885642,211910.4010770321,38.70190487166266,8.326309190685164,80.56398563637593,5620.681549072266
Pituitary,200,70,0.08735735216441262,0.7555706561592538,0.5353366397409578,212227.34621477127,41.01468582814211,8.321308413972838,76.88972655564493,5303.736411333084
Pituitary,200,80,0.0849474023234605,0.7555450011090414,0.5550963645834357,211707.49335455894,37.35343831492051,8.310008635891691,69.70627512383024,5823.58927154541
Pituitary,200,90,0.08269483921339493,0.7550281576830249,0.5737163192679207,211495.2004055977,36.03964999301199,8.313748043654249,71.93014139609434,6035.882220506668
Pituitary,200,100,0.08057965669956547,0.754586969292007,0.590164563843424,211527.22393608093,36.231879172568554,8.306819132315521,67.91531570109139,6003.858690023422
Pituitary,200,200,0.06674133669032588,0.7480809127700664,0.7071365110718589,209125.13385677338,25.878230833355108,8.253372883812508,47.475481078607324,8405.948769330978
Pituitary,200,300,0.05765756822885334,0.7427548303062009,0.7733463170989671,206238.05604314804,19.262425447081394,8.216324427226482,39.28063115101131,11293.026582956314
Pituitary,200,400,0.05041980924534977,0.7393427003614887,0.8122837584331117,202072.27999711037,14.071664400327531,8.135901267904131,28.573984950632926,15458.802628993988
Pituitary,200,500,0.043816827172045374,0.7384337668927263,0.8367101355713363,197336.21172690392,10.771600556986819,8.011264044002885,20.088328657939638,20194.87089920044
Pituitary,200,600,0.038232915705549604,0.7388393213993486,0.8511699828055347,192236.04449534416,8.59975310183756,7.908084452842145,16.12426523638546,25295.038130760193
Pituitary,200,700,0.03310402516799749,0.7408359223732625,0.8601621028378221,186784.90643525124,7.075061343427125,7.790735840296513,13.16879281849197,30746.17619085312
Pituitary,200,800,0.02873509924563122,0.743663591921605,0.8668237755661345,180723.75881195068,5.909994535991129,7.6740017765170805,11.137967501085067,36807.32381415367
Pituitary,200,900,0.02474548790331896,0.7479717049512391,0.8707333654363651,174361.31848406792,5.038968522283032,7.527964151614151,9.336668876775885,43169.76414203644
Pituitary,200,1000,0.02152694595617523,0.7552043320844513,0.8729042601595209,167268.36136436462,4.32788112472713,7.47243001356921,8.795731478575085,50262.72126173973
Pituitary,200,1100,0.018774016391392756,0.7696700640472215,0.8745183219163165,159450.49630761147,3.7453320707412066,7.217004571794567,6.945040354171936,58080.58631849289
Pituitary,200,1200,0.016701151834488007,0.7871507941970465,0.8746096199030862,152347.25018787384,3.3371938176884752,6.9926903841966865,5.861882657486545,65183.832438230515
Pituitary,200,1300,0.014881615196877926,0.8048197699476959,0.8752605883901035,144726.07314252853,2.987858722484989,6.819597750222986,5.232198234310111,72805.00948357582
Pituitary,200,1400,0.0140636547549333,0.8167874546050601,0.8729823956021727,136797.31715345383,2.694425081656763,6.619575047903961,4.654430738879333,80733.76547265053
Prostate,200,1,0.11573985857671737,0.7564772411997821,0.3391798995094561,183415.30019831657,49.93319563628784,7.368547026686171,92.70958660429548,3748.2796251773834
Prostate,200,2,0.11548109287669489,0.756704241627537,0.3400626062176372,183255.93738746643,47.89680296689651,7.375905975597221,102.05700028378172,3907.642436027527
Prostate,200,3,0.11372518049621486,0.7573494674268892,0.3485303609742657,183250.4426255226,47.829547075559645,7.366272099692646,90.15688964775458,3913.137197971344
Prostate,200,4,0.11294061304528415,0.7581628992993283,0.35191654866654715,183301.76932168007,48.46524181742823,7.375802049605028,101.91188937449266,3861.8105018138885
Prostate,200,5,0.11241391313386807,0.7592200188199212,0.3542688528876367,183225.88598155975,47.53126762429016,7.375262505359953,101.16511240163348,3937.693841934204
Prostate,200,6,0.11240413086264474,0.7588263076282202,0.3542508241751116,183315.94453835487,48.64379442261207,7.369762484941413,94.13361170944334,3847.635285139084
Prostate,200,7,0.11151722564963913,0.759764776801605,0.3585280803285404,183074.7527308464,45.774393385342165,7.3731864598075365,98.39095527413012,4088.8270926475525
Prostate,200,8,0.11058008659221027,0.7612323902430791,0.3628603157844934,183287.35828900337,48.28505753814999,7.376463628627693,102.84275828777767,3876.2215344905853
Prostate,200,9,0.11080242829705823,0.7604870725604671,0.36193155031322966,183327.36820101738,48.788648344343706,7.369868847412084,94.26030984779447,3836.2116224765778
Prostate,200,10,0.10872749718455477,0.7594792961695223,0.3766421099445057,183259.53233671188,47.94090759837664,7.366280586331134,90.16615125557348,3904.047486782074
Prostate,200,20,0.10312717848123974,0.7616415614090482,0.4162571369499181,182996.83710098267,44.91843924327794,7.362984846375954,86.70708188814356,4166.7427225112915
Prostate,200,30,0.09875363993942658,0.763999849651629,0.44985746196227144,182872.73486566544,43.619282836593634,7.3580170192906635,81.96718088055383,4290.844957828522
Prostate,200,40,0.09515405206598275,0.7638238784760698,0.4812211600793794,182629.97074341774,41.2835726498826,7.356498895975652,80.6203899754693,4533.609080076218
Prostate,200,50,0.09213097867210072,0.7642616048661113,0.505870068064277,182015.0878994465,36.35308796917679,7.3440740547683605,71.06400468683555,5148.49192404747
Prostate,200,60,0.08955254372937414,0.7636352359395778,0.5283184666651058,182104.88505148888,36.99839351036971,7.341093172714636,69.0989521614006,5058.694772005081
Prostate,200,70,0.08713880404454549,0.7641061144072318,0.5474833658287463,182048.04225969315,36.587275039855754,7.353543273707088,78.12135784740299,5115.537563800812
Prostate,200,80,0.08489229497621387,0.7636446020075308,0.5663486316953904,181823.27376294136,35.04735078875365,7.347278763739026,73.30520842607334,5340.306060552597
Prostate,200,90,0.08256876283508244,0.7622965320883963,0.5880041849715615,181488.49386763573,32.97986696224227,7.34004689608639,68.4347460345127,5675.085955858231
Prostate,200,100,0.08081064091913477,0.7619901408728474,0.6039305037217354,181456.8073501587,32.79674819664014,7.329388443150892,62.33117021396502,5706.772473335266
Prostate,200,200,0.0680417940493668,0.7531823922047438,0.7229855714550072,178486.54960632324,21.57000438388719,7.288353984331811,46.39911181819475,8677.030217170715
Prostate,200,300,0.05934436584398354,0.7467772760862479,0.7859443213609014,175847.15533924103,16.5391091580151,7.2157532603302705,31.950262058739067,11316.42448425293
Prostate,200,400,0.05183378097693459,0.7429829447240042,0.8237674487206478,172349.17143845558,12.633888236300914,7.1404894402775145,24.15302898568485,14814.408385038376
Prostate,200,500,0.04503110015634136,0.7410567464744359,0.8452285317016723,168043.8720679283,9.789039781165675,7.07252877731821,19.791686071840022,19119.707755565643
Prostate,200,600,0.03883191146543535,0.7406101893838882,0.8588758887917298,163199.0204691887,7.81001549230947,6.9429681117664455,14.723302880258695,23964.559354305267
Prostate,200,700,0.03342103542343831,0.7406703078450844,0.8665419908721814,158675.0494904518,6.569787126098748,6.907818806824789,13.766847486476617,28488.530333042145
Prostate,200,800,0.028614769917970146,0.7421351871119516,0.8717244966172624,152659.44514870644,5.424381210761273,6.701655890297302,9.96857344611632,34504.13467478752
Prostate,200,900,0.024633926548041682,0.7462288025626191,0.8753136271537169,147049.0897371769,4.665734985556626,6.616108269053183,8.944554700285392,40114.49008631706
Prostate,200,1000,0.021364491464975693,0.7560694561918503,0.8774437787112602,140557.89341568947,4.015895789749638,6.450790169681814,7.463048072388293,46605.68640780449
Prostate,200,1100,0.01854052681864238,0.7718018103270327,0.8785259266350977,133849.29124450684,3.5105707083796887,6.425289488137126,7.277123828684847,53314.28857898712
Prostate,200,1200,0.01641128578908461,0.787439059639657,0.8787155526456758,126913.23907995224,3.106431889242986,6.1242346374128305,5.623253993577236,60250.34074354172
Prostate,200,1300,0.014743332014967086,0.8040081353709136,0.8781571980135126,119993.94281768799,2.7864313128164744,6.1487558721165065,5.729311323227751,67169.63700580597
Prostate,200,1400,0.013875362429991628,0.8204127554471973,0.8760266325548177,112734.43674063683,2.5146545032116907,5.839118811417306,4.627289364276318,74429.14308285713
Salivary_Gland,200,1,0.14577989743106673,0.7244695607211115,0.3325165451748082,125901.88943386078,36.42098332498776,4.93549466684356,68.39664998469691,3554.443655014038
Salivary_Gland,200,2,0.14449159753045215,0.7261678236368856,0.3365686161147448,125695.36978507042,34.42105722167601,4.9304399557118925,63.98042600147411,3760.9633038043976
Salivary_Gland,200,3,0.14442990613515871,0.7263065693844141,0.33642041999788946,125763.77630162239,35.058725037293534,4.933650367218551,66.7164082845143,3692.556787252426
Salivary_Gland,200,4,0.1416274915580182,0.7254417739170981,0.34629569303005364,125800.44257092476,35.41034187245409,4.932291956032164,65.53069020607512,3655.890517950058
Salivary_Gland,200,5,0.1409044523180949,0.7260519969483713,0.34929420289779356,125693.89623403549,34.40757628194221,4.932244559701069,65.4900797582653,3762.436854839325
Salivary_Gland,200,6,0.14030821561084333,0.7265876597133737,0.3513394623861051,125621.69451403618,33.75972221692949,4.931619913595722,64.95953108921043,3834.6385748386383
Salivary_Gland,200,7,0.13813555546765818,0.7289735283445119,0.3586428286245401,125697.79143738747,34.44323492800609,4.9319307563882875,65.22246930555316,3758.5416514873505
Salivary_Gland,200,8,0.1387215547146975,0.7283867981342795,0.3566664158479035,125677.41636180878,34.257524692634604,4.931938870795353,65.22936169721997,3778.91672706604
Salivary_Gland,200,9,0.13925150590764188,0.7278446935421188,0.3548130224419786,125604.90919542313,33.612590218641074,4.931207213279707,64.61369124486878,3851.4238934516907
Salivary_Gland,200,10,0.13744241139241237,0.7293971164282055,0.3611308971148224,125455.60497117043,32.35819312889389,4.93583613904449,68.71707591044945,4000.7281177043915
Salivary_Gland,200,20,0.12743634746201749,0.7393619472710901,0.4081560225102599,125314.40512990952,31.255090472702094,4.9333747586548835,66.47238043690574,4141.9279589653015
Salivary_Gland,200,30,0.12121451283848701,0.7454907555530983,0.4399542025257281,124642.98496842384,26.89527743460736,4.9204424444454355,56.73501544774555,4813.3481204509735
Salivary_Gland,200,40,0.11601044747877742,0.7460237609456876,0.4720564489810976,125028.49835658073,29.236938800966236,4.919857184278348,56.361374459415835,4427.834732294083
Salivary_Gland,200,50,0.11100837594020489,0.7477967260579534,0.5021935756870509,124542.83098220825,26.347059648805367,4.919608720893848,56.20423480128334,4913.502106666565
Salivary_Gland,200,60,0.10712352914446725,0.7481295750628346,0.526385138509887,124596.17613267899,26.636245342620292,4.918918685437234,55.77238526516969,4860.156956195831
Salivary_Gland,200,70,0.10428904922927638,0.7491609581368681,0.5429261493610819,124479.28188037872,26.0106492108994,4.914705900621236,53.27335598998255,4977.051208496094
Salivary_Gland,200,80,0.10155564487921663,0.7498633401387962,0.5604129976571887,124156.8598959446,24.428151322961014,4.900087007929504,46.104631611688106,5299.473192930222
Salivary_Gland,200,90,0.09864710303635614,0.7502034797600565,0.5787609861713384,123988.56432032585,23.67626331119154,4.90933051657814,50.39226969861537,5467.768768548965
Salivary_Gland,200,100,0.09587402018020229,0.7505359009774708,0.5978765807746722,123603.88178801537,22.12001884917244,4.9010695026644795,46.52539471206122,5852.451300859451
Salivary_Gland,200,200,0.07925730936776365,0.7491183499554646,0.7072755671061237,121504.03129529953,16.279102132852074,4.857386186077191,33.096054290856316,7952.301793575287
Salivary_Gland,200,300,0.06721988401115386,0.7463556190681675,0.7760780579204607,118530.64707064629,11.848805912314202,4.7879639537772745,22.688423010075148,10925.68601822853
Salivary_Gland,200,400,0.05769137595728427,0.745013387638119,0.8149844708772318,115247.21182966232,9.110790929800935,4.717434136351211,17.19491371735376,14209.121259212494
Salivary_Gland,200,500,0.049099710031891536,0.7447511646212416,0.8410312070292172,112057.11169338226,7.440352079341424,4.6715921746077536,14.856820305748053,17399.221395492554
Salivary_Gland,200,600,0.041681172950738664,0.7445509863862564,0.8583675791527757,108439.13529467583,6.1595429779228885,4.608895816866729,12.52715548113659,21017.19779419899
Salivary_Gland,200,700,0.03567476426997553,0.7444677725111052,0.8690437726616241,104367.75510597229,5.1599709308792745,4.482180973520471,9.512448695658811,25088.577982902527
Salivary_Gland,200,800,0.03034881550319697,0.7465073517796551,0.8757418079517032,99872.77275323868,4.37595514603875,4.368016759907447,7.817479337953796,29583.56033563614
Salivary_Gland,200,900,0.02592690793354531,0.7511131558629734,0.8813265794568798,95482.3678598404,3.810456984227452,4.2950390684541935,7.0181061324637275,33973.965229034424
Salivary_Gland,200,1000,0.022266913755704425,0.761350145126228,0.885646058425977,91072.71574020386,3.3726975733660827,4.286426913950398,6.934427390658469,38383.61734867096
Salivary_Gland,200,1100,0.01936222796514418,0.7759250208584794,0.8884747106644878,85872.798671484,2.9703036896709043,4.180559684970406,6.047975863695086,43583.53441739082
Salivary_Gland,200,1200,0.016981290540101297,0.7933505188102252,0.8919153388794713,81266.61965250969,2.6863893527780127,4.011298850286025,5.021649045848332,48189.71343636513
Salivary_Gland,200,1300,0.015336200186938853,0.8124302199457368,0.8932622045557328,75855.16457986832,2.41517744276643,3.966194402842696,4.8043905250844166,53601.1685090065
Salivary_Gland,200,1400,0.01446453993547847,0.8272899499377895,0.892156774808875,70388.91335201263,2.191670698763993,3.8860103765254363,4.461262102993589,59067.41973686218
Small_Intestine,200,1,0.18593799632744465,0.7370831550420768,0.36799467459787455,143468.75142621994,39.35927381323779,5.640751662579487,75.46177373847927,3740.13210272789
Small_Intestine,200,2,0.18477063495087603,0.7383719785685114,0.37106398268822066,143459.08761525154,39.25783880430962,5.638537331874849,73.31862078976893,3749.795913696289
Small_Intestine,200,3,0.18393592096979045,0.7393029936362661,0.37230514812240123,143356.50263762474,38.21244256000588,5.637100686221192,71.99208764528328,3852.3808913230896
Small_Intestine,200,4,0.18355883050943891,0.7398218249044207,0.37416828047106815,143470.92490935326,39.3821597588778,5.637634985000754,72.47979046541211,3737.958619594574
Small_Intestine,200,5,0.17954371472941236,0.7369710264412088,0.3875698524506832,143475.5861480236,39.43133067328925,5.638672822336691,73.44625351584843,3733.297380924225
Small_Intestine,200,6,0.17832649976066878,0.7377058242959462,0.39125512368455156,143456.50182771683,39.2307860047006,5.638982156294047,73.7393197338561,3752.381701231003
Small_Intestine,200,7,0.17796709016514048,0.7368908259034357,0.39286623651101216,143466.6499273777,39.33717111277697,5.6384566554407005,73.2428336516781,3742.2336015701294
Small_Intestine,200,8,0.175316519906774,0.7358559735540946,0.40324055741811343,143398.67754936218,38.63541349671508,5.6371644610023415,72.0499554289212,3810.2059795856476
Small_Intestine,200,9,0.17380252234105115,0.7356140195825867,0.4074673149328511,142532.83447289467,31.481466888886768,5.621367780445571,60.086747833105036,4676.049056053162
Small_Intestine,200,10,0.17335708942069533,0.7364496626422795,0.41000823575751066,143361.85380864143,38.26559559753632,5.634538763880888,69.74192431662856,3847.0297203063965
Small_Intestine,200,20,0.16004659011055974,0.7362633336890576,0.45849144744855685,143030.91199469566,35.23453482679062,5.6277635292356445,64.41728639384606,4177.971534252167
Small_Intestine,200,30,0.1517004501550987,0.7337955168201776,0.49957441331925434,143006.39749240875,35.0290000368878,5.633774284967068,69.09747171379516,4202.486036539078
Small_Intestine,200,40,0.144252358665158,0.7316685253175408,0.5354518483724284,142694.61792612076,32.60970808557605,5.6230759271347495,61.18529912151665,4514.265602827072
Small_Intestine,200,50,0.1400382634462796,0.7293585896668283,0.5556449835519603,142488.92396855354,31.18858999644704,5.6298489798951845,65.96753733896475,4719.959560394287
Small_Intestine,200,60,0.13502241902924556,0.7273699969216548,0.5794873194090121,142361.5128223896,30.36881073068793,5.627871248143004,64.49557411771977,4847.3707065582275
Small_Intestine,200,70,0.13115928465197438,0.7257715064704701,0.5994285689051397,141783.50278496742,27.13337376225248,5.606284315586278,51.86402877642136,5425.380743980408
Small_Intestine,200,80,0.12730125876739323,0.7236578175334933,0.6205272845486763,141556.8522183895,26.0453057388329,5.6011166342299195,49.54129865854309,5652.031310558319
Small_Intestine,200,90,0.12423878626365817,0.722654760910685,0.6354091578062113,141631.61335611343,26.39443293351083,5.6139028821822,55.71510256607311,5577.270172834396
Small_Intestine,200,100,0.12055361986429236,0.7211179224702746,0.6564220009731849,141649.11884975433,26.477538533213973,5.603707595933727,50.679261407312175,5559.764679193497
Small_Intestine,200,200,0.09785000490446233,0.7092976553713413,0.7605600125702237,138548.1176354885,16.997213103303157,5.5574916351705,35.94976962572213,8660.76589345932
Small_Intestine,200,300,0.08021612555259477,0.7008219987790176,0.8168277286727524,136086.55471014977,13.235437103796754,5.490913100063816,25.339993256092452,11122.328818798065
Small_Intestine,200,400,0.06607153131152371,0.6954987718575882,0.8454268751915316,132992.01015019417,10.35451885988824,5.427258071078684,19.76338703452668,14216.873378753662
Small_Intestine,200,500,0.05485329296251342,0.6924101704650837,0.8617017714676785,129466.31188464165,8.296930483365923,5.356980831669873,15.900183472288328,17742.571644306183
Small_Intestine,200,600,0.04556300342743278,0.6905077106953735,0.8718776154215545,125213.4037733078,6.6926880051889235,5.242992701888284,12.072551198675196,21995.47975564003
Small_Intestine,200,700,0.038351685330350514,0.6912457609942518,0.8791880785401974,121281.13314914703,5.677657389189923,5.207775116038746,11.236811340185946,25927.750379800797
Small_Intestine,200,800,0.03226324881755915,0.6955954223962602,0.8828532173636581,116400.4905307293,4.778207144314863,5.038065092105928,8.425952778990627,30808.392998218536
Small_Intestine,200,900,0.02768051865782552,0.70478074795514,0.8855047195507407,111756.19733643532,4.152263180555211,5.046383985730071,8.53055264966568,35452.68619251251
Small_Intestine,200,1000,0.023663454392080906,0.7247238018580555,0.8873758403785461,106265.41256427765,3.5954177811640173,4.934722652838968,7.3121412934640775,40943.47096467018
Small_Intestine,200,1100,0.020848519794937036,0.7472401688710143,0.8884317259366712,101102.2628622055,3.1927927356240335,4.760242244713343,5.977963041918871,46106.620666742325
Small_Intestine,200,1200,0.018327946202030973,0.7789729083421645,0.8892705153283617,95384.5494093895,2.840535937988862,4.7023373839126466,5.636645686417492,51824.334119558334
Small_Intestine,200,1300,0.016600920480117406,0.8019856934331332,0.8900208491281274,89571.45007014275,2.554049941071052,4.52393882925987,4.793447884228925,57637.433458805084
Small_Intestine,200,1400,0.015338970076996581,0.8239425583553527,0.8892251132901355,83795.51045107841,2.3214170195327797,4.3826244215012835,4.285618999438497,63413.373077869415
Spleen,200,1,0.1325738635032234,0.739599306471324,0.3509225663371049,172237.06618404388,47.49397876566668,6.848509640379831,91.23584028364556,3704.5026206970215
Spleen,200,2,0.13200971635714706,0.7406163674435602,0.3522642908292236,172037.8897638321,45.07070559873181,6.8434701026580225,85.55492012118813,3903.6790409088135
Spleen,200,3,0.12861400317289434,0.7406463368444758,0.363050385695184,172241.9510164261,47.55668798016092,6.854102918512532,98.49458938253798,3699.6177883148193
Spleen,200,4,0.12775090757801805,0.7406885274050208,0.36704067602799734,172102.24956011772,45.8262409543411,6.845257025554602,87.48648495823115,3839.319244623184
Spleen,200,5,0.12814026087639,0.7404830411070913,0.3660254974747541,172036.17709493637,45.05094030978695,6.84047535904576,82.50219527606467,3905.391709804535
Spleen,200,6,0.12597539757980036,0.7422137639117167,0.3748102351033206,172173.9465970993,46.69830442338169,6.852889769552617,96.82378320910446,3767.6222076416016
Spleen,200,7,0.12663803458322007,0.7418289759712503,0.3707089398843153,172154.85900998116,46.46291327849263,6.853569527710627,97.75292880728065,3786.7097947597504
Spleen,200,8,0.12632505628334958,0.7420084437965812,0.3723920940967475,172165.79485988617,46.59748474733167,6.853486652717177,97.63869549414085,3775.7739448547363
Spleen,200,9,0.12524039858205938,0.7425725156242545,0.3775867575424368,172035.70565795898,45.045502669416585,6.840427011505858,82.45469755120786,3905.8631467819214
Spleen,200,10,0.12264451535001776,0.7447112738660738,0.3912350826938086,172066.56585240364,45.40424122738259,6.841725411066144,83.74956054362514,3875.002952337265
Spleen,200,20,0.11547053732319448,0.7474354519227226,0.4329407756458914,171754.89643406868,42.024202810140395,6.837896614359202,80.04288071933753,4186.672370672226
Spleen,200,30,0.10953199599664458,0.7475653258363827,0.47347448955063975,171293.63410449028,37.85370926042782,6.825310090261808,69.87627897678675,4647.934700250626
Spleen,200,40,0.10587987920429281,0.7465924813676826,0.5004058264459204,171327.336029768,38.130189217810674,6.8254807432555475,69.99682128931019,4614.232774972916
Spleen,200,50,0.10207604882051932,0.7483815474932246,0.5246154715350446,171345.88742280006,38.28410940238801,6.836923787560045,79.1527743733732,4595.681381940842
Spleen,200,60,0.09886666517410343,0.7473244416721276,0.5475134756743425,170799.75077962875,34.2177743252404,6.81555706159418,63.61521962287234,5141.818025112152
Spleen,200,70,0.09603919359062149,0.7483831719136405,0.5687667129641545,170626.95953798294,33.10526888688269,6.82693653742878,71.04229421893514,5314.609266757965
Spleen,200,80,0.09314683257537712,0.7487038865847873,0.58836279376209,170465.58892416954,32.1296959890187,6.811412110283264,61.281610294423,5475.979880571365
Spleen,200,90,0.09108820633311585,0.747979847808306,0.6031780504578854,170235.80537557602,30.83576299455729,6.80679468332102,58.875676710879105,5705.7634291648865
Spleen,200,100,0.08916082662999084,0.7475705735360889,0.6177204602420697,169961.37988877296,29.42073758488671,6.8146757496356605,63.10428298062719,5980.188915967941
Spleen,200,200,0.07404823664440255,0.7460037219532413,0.7256300972636605,167618.24336767197,21.13837433547459,6.747880907753835,39.22633455641378,8323.32543706894
Spleen,200,300,0.06365018046301237,0.7439885480350498,0.7833500724842345,164691.36263251305,15.638963954195649,6.682986608278139,28.682141127913873,11250.20617222786
Spleen,200,400,0.05459676001549983,0.7430748534048082,0.8181845189465398,161544.09180784225,12.220305602338545,6.620504319761362,22.78506982158508,14397.476996898651
Spleen,200,500,0.046711425569037304,0.7434626136224083,0.8404250938161153,157313.84860420227,9.445147710542345,6.518137587924378,17.04394642426173,18627.720200538635
Spleen,200,600,0.03961317145872067,0.7456378665216036,0.8549575821845175,152823.30269289017,7.6105001972682915,6.4459210038572285,14.471541079699447,23118.26611185074
Spleen,200,700,0.03377214676029328,0.7483741712187052,0.8650985799279107,147505.0710618496,6.187174327707905,6.372974149234538,12.557152710112824,28436.49774289131
Spleen,200,800,0.028644494381731504,0.7543115634718688,0.8720059932064069,142357.02897143364,5.238766696760035,6.197551132450281,9.526539865483068,33584.539833307266
Spleen,200,900,0.0246777734119374,0.765322171486555,0.8761457049778033,136768.2694504261,4.491364569866428,6.085256497990813,8.251701249403697,39173.299354314804
Spleen,200,1000,0.021252609079259587,0.7849875270949196,0.8800520789655844,130925.2420489788,3.908394608900877,6.062187628708916,8.030924731690389,45016.3267557621
Spleen,200,1100,0.01872811826714909,0.8034871440092024,0.882360549066495,124322.92065811157,3.408488504095584,5.826098339643124,6.304617461177373,51618.64814662933
Spleen,200,1200,0.0166124578686773,0.824035591552653,0.8836057052591648,117596.0901093483,3.0155133309178686,5.668644671808391,5.5141123980864135,58345.47869539261
Spleen,200,1300,0.015090056387564436,0.842619885844115,0.8841268959711436,110647.95795035362,2.6946215181315685,5.645009121947392,5.412244751764179,65293.61085438728
Spleen,200,1400,0.013872691781187834,0.8577174157581858,0.8862689811143419,103174.95344495773,2.417888587160819,5.353062987331048,4.406681603135375,72766.61535978317
Uterus,200,1,0.1295797993098161,0.7112804144948387,0.28404386523629926,114656.12499117851,32.39456900569012,4.248672019035345,63.58066416774683,3652.1006219387054
Uterus,200,2,0.12847307729096827,0.7129487354759834,0.2874928755663321,114576.38369870186,31.702367979767896,4.24717788108494,62.21152219025103,3731.8419144153595
Uterus,200,3,0.12821406482013137,0.7127698923924735,0.28786154399036123,114680.37241148949,32.61108403174504,4.241454860343088,57.471195428364695,3627.8532016277313
Uterus,200,4,0.1259557127824278,0.7142086921944767,0.29494841726857673,114649.35308170319,32.33461253360336,4.243035035626836,58.706295284543025,3658.872531414032
Uterus,200,5,0.12579294536438979,0.7139358867113017,0.29566334974399955,114465.28409004211,30.7858511254284,4.2368703886688195,54.165059894175755,3842.9415230751038
Uterus,200,6,0.12583590955238957,0.7138217611287128,0.29548914795568876,114679.05205702782,32.59921957014359,4.248081027805825,63.031971836001794,3629.1735560894012
Uterus,200,7,0.12380144909814576,0.7161797593022218,0.30200449324996853,114192.17846751213,28.743165816125533,4.241021737125534,57.14167936048482,4116.047145605087
Uterus,200,8,0.12340768722737483,0.7168710192140086,0.3034726446561037,114574.2195892334,31.68399430969913,4.240909951065587,57.05724613956472,3734.0060238838196
Uterus,200,9,0.12144935126297421,0.7182229299970034,0.310698507718544,114537.71381878853,31.377232605681606,4.238808299952954,55.51503461270462,3770.5117943286896
Uterus,200,10,0.12193906297249155,0.7167198005202321,0.30892344466528965,114522.28626990318,31.24937165862796,4.238286620531811,55.14505076695926,3785.939343214035
Uterus,200,20,0.11363747560130741,0.7261256521806216,0.34507237045490996,113984.11498761177,27.36012925184774,4.237377778665852,54.512129174538956,4324.110625505447
Uterus,200,30,0.10760563620119488,0.7321006255613148,0.37666472366888776,113994.0163898468,27.422922600733965,4.229668167746521,49.67563230075238,4314.209223270416
Uterus,200,40,0.10373724566804374,0.7364452286066395,0.3969834608639403,113935.12459897995,27.05362287096797,4.226498617965057,47.927448112352685,4373.101014137268
Uterus,200,50,0.09839133563970306,0.7408502763833167,0.4295215292269897,113636.65091896057,25.325127683626867,4.230588073678802,50.207145748659045,4671.574694156647
Uterus,200,60,0.09461052255975065,0.7430467011523787,0.4544364977906767,113639.04404425621,25.3381077322245,4.229383129969795,49.513216280341936,4669.181568861008
Uterus,200,70,0.09202076638970301,0.7450083524599078,0.47063363862784574,113166.44758939743,23.009205194651297,4.211803690153784,41.204519258366616,5141.778023719788
Uterus,200,80,0.08882569632942501,0.7469196575076822,0.4947792818467992,112970.64489531517,22.165140326315317,4.203952985019723,38.331914168582415,5337.580717802048
Uterus,200,90,0.08579237385682173,0.7484514497856531,0.5154734548145795,112874.57915663719,21.77326525762932,4.208039202585284,39.77521351247608,5433.646456480026
Uterus,200,100,0.08357588135063904,0.7494743727316902,0.5317139998072508,112785.54667711258,21.422253037709062,4.201563744722562,37.53552609695147,5522.678936004639
Uterus,200,200,0.06728918278197567,0.7539172056114419,0.663197333670996,110254.37956595421,14.689655714835974,4.1464420752455515,25.37347694787301,8053.84604716301
Uterus,200,300,0.0571405599366245,0.7541624491144427,0.7430246109112074,107419.48524904251,10.86518932928664,4.09277382585326,19.288512445517927,10888.740364074707
Uterus,200,400,0.04931694616166515,0.7544838470551664,0.789857607548899,104309.64724493027,8.451445746946952,4.013331705716803,14.235209578346705,13998.57836818695
Uterus,200,500,0.042811728632129044,0.7549553702995836,0.8175082295527267,100935.70095205307,6.810076711433506,3.9616876967410732,12.163600268467114,17372.524661064148
Uterus,200,600,0.03707695795723017,0.7566690335711446,0.8347361815599116,97763.56530976295,5.758587577804896,3.9211809177789068,10.91744344031733,20544.660303354263
Uterus,200,700,0.03194973061375048,0.7590410145197516,0.8454782880579721,93794.82721710205,4.8262678108453985,3.9789284110232304,12.784712770045854,24513.398396015167
Uterus,200,800,0.027519482082293878,0.7612685451561004,0.8528671965102503,89607.19971585274,4.122090479852613,3.708406111218788,7.097777184839292,28701.02589726448
Uterus,200,900,0.02358253000242085,0.7641968517808049,0.8571401158077036,85921.37792253494,3.652971315498541,3.6241363894835072,6.233963503635643,32386.847690582275
Uterus,200,1000,0.020535343012708505,0.7694690422790793,0.8594517720294838,81459.11306405067,3.2106126153128804,3.5552033814395525,5.669544585644021,36849.11254906654
Uterus,200,1100,0.017951900397738498,0.7780764988071112,0.8615632442902744,76644.97714972496,2.839630369126634,3.5150384182535426,5.385439752989881,41663.24846339226
Uterus,200,1200,0.015923892479213886,0.7878908278350609,0.862057578577647,72613.78120827675,2.5891161858745497,3.43989757169203,4.923842409018041,45694.44440484047
Uterus,200,1300,0.014571199645391178,0.8004312762833852,0.8610514533090132,67562.96448588371,2.3314142638163435,3.113616068617838,3.58832339242944,50745.261127233505
Uterus,200,1400,0.013746309760244763,0.8101395455537611,0.8606811566605914,62746.46645760536,2.129310292029887,3.1382998803836144,3.663496319834496,55561.759155511856
Vagina,200,1,0.15219754641501232,0.7188351193790002,0.32587850999898915,121711.86933207512,32.54730519651459,4.662643052435949,67.4004540818584,3858.074994802475
Vagina,200,2,0.15119026925127754,0.7203438767012955,0.3283802451953339,121807.93147325516,33.37839321999299,4.662743925814534,67.49741631206031,3762.0128536224365
Vagina,200,3,0.1510080402089105,0.7203179062975285,0.32928285751511155,121642.83198666573,31.97513425859956,4.653732279376316,59.81061557480548,3927.1123402118683
Vagina,200,4,0.14758927040491285,0.7211520275908104,0.3397050352010359,121793.93302798271,33.25465269757744,4.652509787259938,58.90065924064105,3776.011298894882
Vagina,200,5,0.14678878557002611,0.7217765147069508,0.3427663071576841,121745.31855463982,32.831955805549825,4.653846328183862,59.89694318876692,3824.6257722377777
Vagina,200,6,0.14687230822787767,0.7213640774378501,0.3425114027547575,121374.42086148262,29.92950590375407,4.648295603789808,55.965510450643315,4195.523465394974
Vagina,200,7,0.1455898216917802,0.7221256440074758,0.34719342088938515,121772.49206328392,33.066892118887615,4.664223371256912,68.95224060371731,3797.4522635936737
Vagina,200,8,0.14287212639173563,0.7256540983846075,0.3570832097543133,121551.99860405922,31.252274915948085,4.648994040412851,56.43157460181586,4017.9457228183746
Vagina,200,9,0.14330717790714964,0.7232806788052465,0.35572161772007527,121515.02051949501,30.96727590744346,4.646050938693002,54.518434074981606,4054.9238073825836
Vagina,200,10,0.14296202151869158,0.7236937808704407,0.3569915657642437,121714.53831577301,32.56983673449777,4.661418871008949,66.24556186627655,3855.4060111045837
Vagina,200,20,0.13352336621811314,0.7302233496997007,0.40038637602442706,121490.69267630577,30.78259325071926,4.650145914726945,57.217409866545324,4079.251650571823
Vagina,200,30,0.12602298504983717,0.7335826972841419,0.44055922205136283,121345.53676128387,29.72486493718069,4.656816054466203,62.235989036905146,4224.4075655937195
Vagina,200,40,0.12169865717019468,0.7359364306503714,0.46475702111019296,121114.00057411194,28.180325267557635,4.640950189055974,51.49290828568452,4455.9437527656555
Vagina,200,50,0.11617613671306626,0.7387504289679999,0.497710008726286,120734.2260518074,25.96717533654397,4.636238001921288,48.98171580615925,4835.71827507019
Vagina,200,60,0.11186983126494628,0.7387488985611748,0.5250523830509607,120733.57723379135,25.96369173596939,4.644964419880743,53.84452971065665,4836.367093086243
Vagina,200,70,0.10845986804112315,0.738668218432736,0.547428804892105,120365.48852491379,24.127391816738278,4.6273463118316345,44.85412394103866,5204.455801963806
Vagina,200,80,0.10548037062461797,0.7397446597246297,0.566981716764797,120159.86858892441,23.210385659847514,4.61602013751873,40.506188771802755,5410.075737953186
Vagina,200,90,0.10267612499551565,0.739729558818059,0.5849773697728443,120184.11522889137,23.314877253314368,4.612382275124577,39.283123268569106,5385.829097986221
Vagina,200,100,0.10045943327258954,0.7387249280978594,0.6012470148564342,119896.55231428146,22.133133766904482,4.614578188729337,40.01239924977866,5673.39201259613
Vagina,200,200,0.08170383149910837,0.736412321403021,0.7298105705297817,117449.8682718277,15.464134014949936,4.580441514217467,31.051134075528132,8120.076055049896
Vagina,200,300,0.06925977355383324,0.7324661022120592,0.7935381579093258,114725.89003968239,11.579612292715295,4.507954884534081,21.043531414001876,10844.054287195206
Vagina,200,400,0.059003485190071925,0.7297680162430367,0.8277890442784316,111300.18227171898,8.799722366883,4.418495863695702,15.055204714821045,14269.762055158615
Vagina,200,500,0.05018390609531398,0.7278970333851412,0.8484391388501422,108197.14398765564,7.22796220960318,4.399101775690476,14.180382068226066,17372.800339221954
Vagina,200,600,0.04258549255367796,0.7266453804705221,0.862641411657851,104414.77626776695,5.935662811848942,4.276744264940887,10.376381624717679,21155.16805911064
Vagina,200,700,0.036125877221367425,0.7274302146737351,0.8701705811894965,100506.68671822548,5.0101206430376175,4.244719254256991,9.69563201535106,25063.257608652115
Vagina,200,800,0.030687070259391977,0.7292215775677424,0.8749893003828649,96332.10385680199,4.29477493234824,4.126058060320924,7.799643690548868,29237.840470075607
Vagina,200,900,0.026095147789904495,0.7365129822582861,0.8785164734899547,91979.84559464455,3.7383023291438175,4.072434674489428,7.166352804315785,33590.09873223305
Vagina,200,1000,0.022562249795839286,0.7487102990258331,0.8807664280892498,87100.1339161396,3.264116536738313,3.984094043267791,6.320858289699426,38469.81041073799
Vagina,200,1100,0.019611807358475956,0.7634861505101963,0.8814079634878519,82115.96853280067,2.8897227936504177,3.7968362924867542,5.056332854453781,43453.97579407692
Vagina,200,1200,0.01735702535211481,0.7865271421812323,0.8824915778868816,77615.80523657799,2.6185423554455696,3.735077792221448,4.743368200175321,47954.139090299606
Vagina,200,1300,0.015669095614371676,0.8054344836902769,0.8823473501862611,71847.81840467453,2.337397155665804,3.5356647479472287,3.953282337471716,53722.125922203064
Vagina,200,1400,0.014449916078852355,0.8234542961121711,0.8821413920837459,66845.67831730843,2.1382973830003404,3.454488819255408,3.7022515009423222,58724.26600956917
