	tissue	num_clusters	gene_type	avg_silhouette
0	Adipose_Tissue	2	tf	0.6017776813028856
1	Adipose_Tissue	3	tf	0.5576826902443189
2	Adipose_Tissue	4	tf	0.3493005210724401
3	Adipose_Tissue	5	tf	0.3433466984655198
4	Adipose_Tissue	6	tf	0.32497143062350503
5	Adipose_Tissue	7	tf	0.3201616011820996
6	Adipose_Tissue	8	tf	0.293002971109885
7	Adipose_Tissue	9	tf	0.30803016228245833
8	Adipose_Tissue	10	tf	0.31110524957741215
9	Adipose_Tissue	20	tf	0.23942106312770892
10	Adipose_Tissue	30	tf	0.1851799554496699
11	Adipose_Tissue	40	tf	0.15386667388652855
12	Adipose_Tissue	50	tf	0.13546700587608593
13	Adipose_Tissue	60	tf	0.12088204687958834
14	Adipose_Tissue	70	tf	0.13648784910348388
15	Adipose_Tissue	80	tf	0.13189013516402578
16	Adipose_Tissue	90	tf	0.1283448820522849
17	Adipose_Tissue	100	tf	0.12131113511999525
18	Adipose_Tissue	200	tf	0.09353563908740842
19	Adipose_Tissue	300	tf	0.09407332366166991
20	Adipose_Tissue	400	tf	0.08896554748635954
21	Adipose_Tissue	500	tf	0.0894170994483416
22	Adipose_Tissue	600	tf	0.0874902152872793
23	Adipose_Tissue	700	tf	0.08534076158448868
24	Adipose_Tissue	800	tf	0.08227227896130195
25	Adipose_Tissue	900	tf	0.07608753897014787
26	Adipose_Tissue	1000	tf	0.0680278682852752
27	Adipose_Tissue	1100	tf	0.06044036198294556
28	Adipose_Tissue	1200	tf	0.0490906410673654
29	Adipose_Tissue	1300	tf	0.03745259699121932
30	Adipose_Tissue	1400	tf	0.027078566425397622
31	Adipose_Tissue	2	non_tf	0.6065269075908698
32	Adipose_Tissue	3	non_tf	0.4557043523526239
33	Adipose_Tissue	4	non_tf	0.44768691682951145
34	Adipose_Tissue	5	non_tf	0.4177989279526145
35	Adipose_Tissue	6	non_tf	0.41558788043907474
36	Adipose_Tissue	7	non_tf	0.4152827205697015
37	Adipose_Tissue	8	non_tf	0.3716113692890027
38	Adipose_Tissue	9	non_tf	0.2922447716512354
39	Adipose_Tissue	10	non_tf	0.25887864243159253
40	Adipose_Tissue	20	non_tf	0.2459975666123993
41	Adipose_Tissue	30	non_tf	0.17088179255386263
42	Adipose_Tissue	40	non_tf	0.12780129861564427
43	Adipose_Tissue	50	non_tf	0.11941349372079675
44	Adipose_Tissue	60	non_tf	0.09589359626888795
45	Adipose_Tissue	70	non_tf	0.11068575121989585
46	Adipose_Tissue	80	non_tf	0.10119087542129478
47	Adipose_Tissue	90	non_tf	0.09502137929071157
48	Adipose_Tissue	100	non_tf	0.0903488127512005
49	Adipose_Tissue	200	non_tf	0.06874842716370139
50	Adipose_Tissue	300	non_tf	0.05366764706300438
51	Adipose_Tissue	400	non_tf	0.04775032646154446
52	Adipose_Tissue	500	non_tf	0.04539176965784196
53	Adipose_Tissue	600	non_tf	0.046175239708819836
54	Adipose_Tissue	700	non_tf	0.04613908595035151
55	Adipose_Tissue	800	non_tf	0.046820091460391816
56	Adipose_Tissue	900	non_tf	0.047227952664930725
57	Adipose_Tissue	1000	non_tf	0.04738811651310008
58	Adrenal_Gland	2	tf	0.5537604223977886
59	Adrenal_Gland	3	tf	0.3486001824788374
60	Adrenal_Gland	4	tf	0.32963259864363126
61	Adrenal_Gland	5	tf	0.2669352259954
62	Adrenal_Gland	6	tf	0.2668561662243342
63	Adrenal_Gland	7	tf	0.2620564984012621
64	Adrenal_Gland	8	tf	0.250723877615348
65	Adrenal_Gland	9	tf	0.24967991310260215
66	Adrenal_Gland	10	tf	0.22090616429322577
67	Adrenal_Gland	20	tf	0.11159061531705614
68	Adrenal_Gland	30	tf	0.09184326073621306
69	Adrenal_Gland	40	tf	0.07568344033435252
70	Adrenal_Gland	50	tf	0.0759312023172478
71	Adrenal_Gland	60	tf	0.07557937758298851
72	Adrenal_Gland	70	tf	0.06929876029020261
73	Adrenal_Gland	80	tf	0.06903593689844291
74	Adrenal_Gland	90	tf	0.06710597214629214
75	Adrenal_Gland	100	tf	0.06692872394808015
76	Adrenal_Gland	200	tf	0.07082897548877999
77	Adrenal_Gland	300	tf	0.07667362392908805
78	Adrenal_Gland	400	tf	0.08431096630774335
79	Adrenal_Gland	500	tf	0.08819298753781725
80	Adrenal_Gland	600	tf	0.08871369988748276
81	Adrenal_Gland	700	tf	0.08843812871653031
82	Adrenal_Gland	800	tf	0.08317489846097367
83	Adrenal_Gland	900	tf	0.07646614662055849
84	Adrenal_Gland	1000	tf	0.06774166493791246
85	Adrenal_Gland	1100	tf	0.05967893879101416
86	Adrenal_Gland	1200	tf	0.049427137382709686
87	Adrenal_Gland	1300	tf	0.03822309956147203
88	Adrenal_Gland	1400	tf	0.026316764498840156
89	Adrenal_Gland	2	non_tf	0.46821976708569635
90	Adrenal_Gland	3	non_tf	0.4245592313056042
91	Adrenal_Gland	4	non_tf	0.29925358832612553
92	Adrenal_Gland	5	non_tf	0.28880673857211686
93	Adrenal_Gland	6	non_tf	0.18164813062479815
94	Adrenal_Gland	7	non_tf	0.16737146921690432
95	Adrenal_Gland	8	non_tf	0.1746062949762694
96	Adrenal_Gland	9	non_tf	0.17339132399219506
97	Adrenal_Gland	10	non_tf	0.16112446107096196
98	Adrenal_Gland	20	non_tf	0.09104946135315765
99	Adrenal_Gland	30	non_tf	0.07567295505446785
100	Adrenal_Gland	40	non_tf	0.07090434340558843
101	Adrenal_Gland	50	non_tf	0.0620279330767544
102	Adrenal_Gland	60	non_tf	0.05246237960076337
103	Adrenal_Gland	70	non_tf	0.04831875799534425
104	Adrenal_Gland	80	non_tf	0.0446939810944253
105	Adrenal_Gland	90	non_tf	0.03929147797011106
106	Adrenal_Gland	100	non_tf	0.03775396268050328
107	Adrenal_Gland	200	non_tf	0.025415756279532492
108	Adrenal_Gland	300	non_tf	0.024547721597016306
109	Adrenal_Gland	400	non_tf	0.0261683255268719
110	Adrenal_Gland	500	non_tf	0.02624583979886898
111	Adrenal_Gland	600	non_tf	0.027417242674128553
112	Adrenal_Gland	700	non_tf	0.030683012753116
113	Adrenal_Gland	800	non_tf	0.03309188840287174
114	Adrenal_Gland	900	non_tf	0.03403449045409965
115	Adrenal_Gland	1000	non_tf	0.035369729640750226
116	Bladder	2	tf	0.34594993559621756
117	Bladder	3	tf	0.17703207375278995
118	Bladder	4	tf	0.11987134587269031
119	Bladder	5	tf	0.10562192763616553
120	Bladder	6	tf	0.1132388075384285
121	Bladder	7	tf	0.09166400435712675
122	Bladder	8	tf	0.08469845710398438
123	Bladder	9	tf	0.08341409481393422
124	Bladder	10	tf	0.07702626478513279
125	Bladder	20	tf	0.06609008281609868
126	Bladder	30	tf	0.05487995734246685
127	Bladder	40	tf	0.057856508479015425
128	Bladder	50	tf	0.0557684818945429
129	Bladder	60	tf	0.053337683101753394
130	Bladder	70	tf	0.05569385253420741
131	Bladder	80	tf	0.05794414335291695
132	Bladder	90	tf	0.06040780400399116
133	Bladder	100	tf	0.0625665058146982
134	Bladder	200	tf	0.08075449504271076
135	Bladder	300	tf	0.09427001117842979
136	Bladder	400	tf	0.10522780149890978
137	Bladder	500	tf	0.11356553817686522
138	Bladder	600	tf	0.1156555169723079
139	Bladder	700	tf	0.11645263949187372
140	Bladder	800	tf	0.1150897883103784
141	Bladder	900	tf	0.1065196967363493
142	Bladder	1000	tf	0.09531604559725679
143	Bladder	1100	tf	0.08409211800723597
144	Bladder	1200	tf	0.07172214118232592
145	Bladder	1300	tf	0.0578387985308463
146	Bladder	1400	tf	0.04263347524693935
147	Bladder	2	non_tf	0.3519558117551189
148	Bladder	3	non_tf	0.16518084046494644
149	Bladder	4	non_tf	0.10158391305828636
150	Bladder	5	non_tf	0.12770922329955645
151	Bladder	6	non_tf	0.12207354415647637
152	Bladder	7	non_tf	0.11079500221336709
153	Bladder	8	non_tf	0.08767829280431547
154	Bladder	9	non_tf	0.08108809849150353
155	Bladder	10	non_tf	0.07890269235189153
156	Bladder	20	non_tf	0.04276228943566188
157	Bladder	30	non_tf	0.031601654416661545
158	Bladder	40	non_tf	0.02298333857371709
159	Bladder	50	non_tf	0.021459101855069246
160	Bladder	60	non_tf	0.016276873788565866
161	Bladder	70	non_tf	0.012535676024371674
162	Bladder	80	non_tf	0.012110168405473146
163	Bladder	90	non_tf	0.010550700099633208
164	Bladder	100	non_tf	0.013429490296084328
165	Bladder	200	non_tf	0.012349820167155103
166	Bladder	300	non_tf	0.01532507910851624
167	Bladder	400	non_tf	0.018677562566521585
168	Bladder	500	non_tf	0.02330857120440355
169	Bladder	600	non_tf	0.026920479727648255
170	Bladder	700	non_tf	0.029704135858033966
171	Bladder	800	non_tf	0.03316406672294596
172	Bladder	900	non_tf	0.034941391091041975
173	Bladder	1000	non_tf	0.038774711841388414
174	Blood	2	tf	0.3966435329052952
175	Blood	3	tf	0.3122966400242639
176	Blood	4	tf	0.2711978795703911
177	Blood	5	tf	0.34752149999850007
178	Blood	6	tf	0.32618550557099896
179	Blood	7	tf	0.3132344326221415
180	Blood	8	tf	0.2808293197482296
181	Blood	9	tf	0.2787339929450365
182	Blood	10	tf	0.27352428586945293
183	Blood	20	tf	0.2034351942971687
184	Blood	30	tf	0.18774870694773646
185	Blood	40	tf	0.18180075375699178
186	Blood	50	tf	0.17447503677616238
187	Blood	60	tf	0.16322819228359423
188	Blood	70	tf	0.15712091381005963
189	Blood	80	tf	0.1499898650057375
190	Blood	90	tf	0.14343396950805132
191	Blood	100	tf	0.14404600597467618
192	Blood	200	tf	0.15269364389051146
193	Blood	300	tf	0.14927223373888665
194	Blood	400	tf	0.15041817780001002
195	Blood	500	tf	0.14091836240760405
196	Blood	600	tf	0.13503916949548836
197	Blood	700	tf	0.12628923653189697
198	Blood	800	tf	0.11042245919310258
199	Blood	900	tf	0.09806403552088717
200	Blood	1000	tf	0.0829745155691551
201	Blood	1100	tf	0.06477323430395623
202	Blood	1200	tf	0.046982314117322094
203	Blood	1300	tf	0.024305722928315954
204	Blood	1400	tf	0.0018153319830100855
205	Blood	2	non_tf	0.4804739150725818
206	Blood	3	non_tf	0.4047201490950886
207	Blood	4	non_tf	0.3785273079502606
208	Blood	5	non_tf	0.3935059443526374
209	Blood	6	non_tf	0.31557058491609635
210	Blood	7	non_tf	0.2856201630455769
211	Blood	8	non_tf	0.2859482292189383
212	Blood	9	non_tf	0.2820494984438478
213	Blood	10	non_tf	0.2716170264816579
214	Blood	20	non_tf	0.19691882093680915
215	Blood	30	non_tf	0.14571905400827376
216	Blood	40	non_tf	0.13018016573533892
217	Blood	50	non_tf	0.1331097752526972
218	Blood	60	non_tf	0.11549592927405439
219	Blood	70	non_tf	0.1181279110039242
220	Blood	80	non_tf	0.11374389825130025
221	Blood	90	non_tf	0.10682449481545499
222	Blood	100	non_tf	0.10365164579319652
223	Blood	200	non_tf	0.09621698440453982
224	Blood	300	non_tf	0.09124454473090592
225	Blood	400	non_tf	0.08359518091045036
226	Blood	500	non_tf	0.08568756258873322
227	Blood	600	non_tf	0.08739076528999777
228	Blood	700	non_tf	0.08771752534579805
229	Blood	800	non_tf	0.08860860318736914
230	Blood	900	non_tf	0.0895978214067309
231	Blood	1000	non_tf	0.09118145577491918
232	Blood_Vessel	2	tf	0.6850022011009738
233	Blood_Vessel	3	tf	0.34403629411046094
234	Blood_Vessel	4	tf	0.32867076452915855
235	Blood_Vessel	5	tf	0.32433828572492956
236	Blood_Vessel	6	tf	0.30367453324336574
237	Blood_Vessel	7	tf	0.30666386272411605
238	Blood_Vessel	8	tf	0.3045794887178296
239	Blood_Vessel	9	tf	0.3051269931515613
240	Blood_Vessel	10	tf	0.3122946616338645
241	Blood_Vessel	20	tf	0.19069395181896046
242	Blood_Vessel	30	tf	0.1670383218557149
243	Blood_Vessel	40	tf	0.15813869076164797
244	Blood_Vessel	50	tf	0.14909650240910083
245	Blood_Vessel	60	tf	0.14729436266326273
246	Blood_Vessel	70	tf	0.1375087694005812
247	Blood_Vessel	80	tf	0.13324554476595438
248	Blood_Vessel	90	tf	0.1264751471798428
249	Blood_Vessel	100	tf	0.1262205958446533
250	Blood_Vessel	200	tf	0.09266425653992441
251	Blood_Vessel	300	tf	0.09078699845322306
252	Blood_Vessel	400	tf	0.0878606348669471
253	Blood_Vessel	500	tf	0.08685079503336175
254	Blood_Vessel	600	tf	0.08262280997940008
255	Blood_Vessel	700	tf	0.07802765606303382
256	Blood_Vessel	800	tf	0.07348367305732034
257	Blood_Vessel	900	tf	0.06805140891349505
258	Blood_Vessel	1000	tf	0.06029611510970379
259	Blood_Vessel	1100	tf	0.053186981048931325
260	Blood_Vessel	1200	tf	0.044178559792463844
261	Blood_Vessel	1300	tf	0.034124666367941564
262	Blood_Vessel	1400	tf	0.021995496639471694
263	Blood_Vessel	2	non_tf	0.4703358455977024
264	Blood_Vessel	3	non_tf	0.470956539292933
265	Blood_Vessel	4	non_tf	0.424023506075749
266	Blood_Vessel	5	non_tf	0.4244706467276196
267	Blood_Vessel	6	non_tf	0.38566188514336164
268	Blood_Vessel	7	non_tf	0.3718755763949331
269	Blood_Vessel	8	non_tf	0.33519909253407276
270	Blood_Vessel	9	non_tf	0.33331882956175346
271	Blood_Vessel	10	non_tf	0.3232517866523844
272	Blood_Vessel	20	non_tf	0.23614972236945608
273	Blood_Vessel	30	non_tf	0.20491401627094685
274	Blood_Vessel	40	non_tf	0.1410348995230112
275	Blood_Vessel	50	non_tf	0.14175111121085343
276	Blood_Vessel	60	non_tf	0.12333302838364094
277	Blood_Vessel	70	non_tf	0.10856403504510728
278	Blood_Vessel	80	non_tf	0.10514774806806271
279	Blood_Vessel	90	non_tf	0.10205216261258647
280	Blood_Vessel	100	non_tf	0.10107855092334218
281	Blood_Vessel	200	non_tf	0.06493670366625444
282	Blood_Vessel	300	non_tf	0.05630295251393248
283	Blood_Vessel	400	non_tf	0.051984920862383203
284	Blood_Vessel	500	non_tf	0.049898389347401366
285	Blood_Vessel	600	non_tf	0.05099022728647331
286	Blood_Vessel	700	non_tf	0.04964389453648004
287	Blood_Vessel	800	non_tf	0.05084021997165196
288	Blood_Vessel	900	non_tf	0.04940245696910162
289	Blood_Vessel	1000	non_tf	0.05062369637275782
290	Brain	2	tf	0.5736357844493185
291	Brain	3	tf	0.38054780907002506
292	Brain	4	tf	0.36830083752772613
293	Brain	5	tf	0.315812553683253
294	Brain	6	tf	0.3108347601813161
295	Brain	7	tf	0.26074389325392433
296	Brain	8	tf	0.2602588734646712
297	Brain	9	tf	0.20212156231909725
298	Brain	10	tf	0.2228739549907391
299	Brain	20	tf	0.21347836859647223
300	Brain	30	tf	0.1965202032485675
301	Brain	40	tf	0.18147632100876115
302	Brain	50	tf	0.16589347228715418
303	Brain	60	tf	0.16260966881995134
304	Brain	70	tf	0.15247538324426727
305	Brain	80	tf	0.14204566147185657
306	Brain	90	tf	0.14586517167310617
307	Brain	100	tf	0.1475075647174261
308	Brain	200	tf	0.14912343616712911
309	Brain	300	tf	0.15274063783495925
310	Brain	400	tf	0.1536199295048512
311	Brain	500	tf	0.15105317297566717
312	Brain	600	tf	0.14790277186805126
313	Brain	700	tf	0.14045825195994435
314	Brain	800	tf	0.13162345726539137
315	Brain	900	tf	0.12310316630274261
316	Brain	1000	tf	0.11085160944122541
317	Brain	1100	tf	0.09477847302146102
318	Brain	1200	tf	0.07707621472187312
319	Brain	1300	tf	0.05948545577701872
320	Brain	1400	tf	0.04388404145888162
321	Brain	2	non_tf	0.43679088460141735
322	Brain	3	non_tf	0.3911345326310951
323	Brain	4	non_tf	0.3164624269433224
324	Brain	5	non_tf	0.32743528152921575
325	Brain	6	non_tf	0.3182042026688049
326	Brain	7	non_tf	0.3114057615044285
327	Brain	8	non_tf	0.21661130372646817
328	Brain	9	non_tf	0.2259650402791497
329	Brain	10	non_tf	0.21667082420749018
330	Brain	20	non_tf	0.17063005128091982
331	Brain	30	non_tf	0.14148685751887918
332	Brain	40	non_tf	0.12468064363802832
333	Brain	50	non_tf	0.11930125658382815
334	Brain	60	non_tf	0.10960597067229405
335	Brain	70	non_tf	0.10022935511117159
336	Brain	80	non_tf	0.10083600567984795
337	Brain	90	non_tf	0.08983294875394171
338	Brain	100	non_tf	0.09285126798598609
339	Brain	200	non_tf	0.0751569490547433
340	Brain	300	non_tf	0.0801626278684233
341	Brain	400	non_tf	0.08482333972385521
342	Brain	500	non_tf	0.08556523862564147
343	Brain	600	non_tf	0.08635277925995809
344	Brain	700	non_tf	0.08692540373582427
345	Brain	800	non_tf	0.08892093898580536
346	Brain	900	non_tf	0.08912050367179951
347	Brain	1000	non_tf	0.09059682501242704
348	Breast	2	tf	0.5451845642057948
349	Breast	3	tf	0.49775174185834004
350	Breast	4	tf	0.36026423425054727
351	Breast	5	tf	0.3501566945621772
352	Breast	6	tf	0.349712646097756
353	Breast	7	tf	0.33260596075843263
354	Breast	8	tf	0.33104358852636107
355	Breast	9	tf	0.31579782106126614
356	Breast	10	tf	0.31831780484422856
357	Breast	20	tf	0.17272279082950218
358	Breast	30	tf	0.14028898976848772
359	Breast	40	tf	0.12509098308963698
360	Breast	50	tf	0.11324350174005601
361	Breast	60	tf	0.10085448850801014
362	Breast	70	tf	0.09702296980865037
363	Breast	80	tf	0.08589345301154881
364	Breast	90	tf	0.08465708010523117
365	Breast	100	tf	0.08310721190195702
366	Breast	200	tf	0.07631640508603915
367	Breast	300	tf	0.07964557299715387
368	Breast	400	tf	0.08169086301413786
369	Breast	500	tf	0.08249836754300163
370	Breast	600	tf	0.08150374869519467
371	Breast	700	tf	0.08175795487308717
372	Breast	800	tf	0.0776924169659062
373	Breast	900	tf	0.07140857891590746
374	Breast	1000	tf	0.06485029014836545
375	Breast	1100	tf	0.05975012013648725
376	Breast	1200	tf	0.050028416510233445
377	Breast	1300	tf	0.03836987004642969
378	Breast	1400	tf	0.026860796984786463
379	Breast	2	non_tf	0.5545500379864295
380	Breast	3	non_tf	0.5246096961324025
381	Breast	4	non_tf	0.5012535835449166
382	Breast	5	non_tf	0.4252540682557053
383	Breast	6	non_tf	0.4135918188404481
384	Breast	7	non_tf	0.2970307192064173
385	Breast	8	non_tf	0.29036139397999494
386	Breast	9	non_tf	0.27341088912988226
387	Breast	10	non_tf	0.2731894832050591
388	Breast	20	non_tf	0.14687044366571653
389	Breast	30	non_tf	0.12912949971666346
390	Breast	40	non_tf	0.11288144188872806
391	Breast	50	non_tf	0.09442741968484547
392	Breast	60	non_tf	0.08637237933112668
393	Breast	70	non_tf	0.07648035598571551
394	Breast	80	non_tf	0.07415299058131938
395	Breast	90	non_tf	0.06892850506921365
396	Breast	100	non_tf	0.05955833673189641
397	Breast	200	non_tf	0.038147657585782
398	Breast	300	non_tf	0.033510128540708076
399	Breast	400	non_tf	0.029874749004453718
400	Breast	500	non_tf	0.031854143005282456
401	Breast	600	non_tf	0.03389963311647703
402	Breast	700	non_tf	0.036007802804779006
403	Breast	800	non_tf	0.03596799393843137
404	Breast	900	non_tf	0.03775155572286708
405	Breast	1000	non_tf	0.039406783043463275
406	Cervix_Uteri	2	tf	0.3472906257335282
407	Cervix_Uteri	3	tf	0.24758671477767596
408	Cervix_Uteri	4	tf	0.11990123942902646
409	Cervix_Uteri	5	tf	0.14169908228989975
410	Cervix_Uteri	6	tf	0.1320131888024849
411	Cervix_Uteri	7	tf	0.1217647701730728
412	Cervix_Uteri	8	tf	0.106234881035598
413	Cervix_Uteri	9	tf	0.09823638096743581
414	Cervix_Uteri	10	tf	0.08531936745623195
415	Cervix_Uteri	20	tf	0.05370614612461641
416	Cervix_Uteri	30	tf	0.046964970902893546
417	Cervix_Uteri	40	tf	0.05353596046028532
418	Cervix_Uteri	50	tf	0.05238631952982072
419	Cervix_Uteri	60	tf	0.05554761459801985
420	Cervix_Uteri	70	tf	0.05456735119293955
421	Cervix_Uteri	80	tf	0.05855292096368752
422	Cervix_Uteri	90	tf	0.06092053668302914
423	Cervix_Uteri	100	tf	0.06409980682356739
424	Cervix_Uteri	200	tf	0.08620923251463247
425	Cervix_Uteri	300	tf	0.1048349969721648
426	Cervix_Uteri	400	tf	0.11789191392745425
427	Cervix_Uteri	500	tf	0.12508899536832627
428	Cervix_Uteri	600	tf	0.13111160828288082
429	Cervix_Uteri	700	tf	0.13036427528094843
430	Cervix_Uteri	800	tf	0.12471372380045152
431	Cervix_Uteri	900	tf	0.11574202690875333
432	Cervix_Uteri	1000	tf	0.10530212211651822
433	Cervix_Uteri	1100	tf	0.09227229273645093
434	Cervix_Uteri	1200	tf	0.07873379148265915
435	Cervix_Uteri	1300	tf	0.06364538131340487
436	Cervix_Uteri	1400	tf	0.045072878327739464
437	Cervix_Uteri	2	non_tf	0.40287819439571754
438	Cervix_Uteri	3	non_tf	0.1828035493923585
439	Cervix_Uteri	4	non_tf	0.14007471852752384
440	Cervix_Uteri	5	non_tf	0.11389336054342271
441	Cervix_Uteri	6	non_tf	0.09341159608716464
442	Cervix_Uteri	7	non_tf	0.08256719593051433
443	Cervix_Uteri	8	non_tf	0.07492376926045241
444	Cervix_Uteri	9	non_tf	0.06031626200878872
445	Cervix_Uteri	10	non_tf	0.07905504939726632
446	Cervix_Uteri	20	non_tf	0.042704255554585305
447	Cervix_Uteri	30	non_tf	0.021176937924906807
448	Cervix_Uteri	40	non_tf	0.027020448071782218
449	Cervix_Uteri	50	non_tf	0.02423734915512562
450	Cervix_Uteri	60	non_tf	0.021634081065028062
451	Cervix_Uteri	70	non_tf	0.0172690644795774
452	Cervix_Uteri	80	non_tf	0.017497517178925066
453	Cervix_Uteri	90	non_tf	0.01691183187627179
454	Cervix_Uteri	100	non_tf	0.019895575409270224
455	Cervix_Uteri	200	non_tf	0.021951964953422998
456	Cervix_Uteri	300	non_tf	0.022638924966866012
457	Cervix_Uteri	400	non_tf	0.026015446689962633
458	Cervix_Uteri	500	non_tf	0.02943288768160054
459	Cervix_Uteri	600	non_tf	0.03346772451111433
460	Cervix_Uteri	700	non_tf	0.03626250997089009
461	Cervix_Uteri	800	non_tf	0.0392617296077145
462	Cervix_Uteri	900	non_tf	0.04171243514029261
463	Cervix_Uteri	1000	non_tf	0.0450899272624398
464	Colon	2	tf	0.5414961799965577
465	Colon	3	tf	0.5173841424179761
466	Colon	4	tf	0.3343231407806281
467	Colon	5	tf	0.32913589092130785
468	Colon	6	tf	0.31493871683158486
469	Colon	7	tf	0.33116881229078976
470	Colon	8	tf	0.32658367017721907
471	Colon	9	tf	0.27238226225403334
472	Colon	10	tf	0.24111839753767975
473	Colon	20	tf	0.18559538400835257
474	Colon	30	tf	0.16585340297405185
475	Colon	40	tf	0.1532448216309387
476	Colon	50	tf	0.12970667750262974
477	Colon	60	tf	0.1280495899892294
478	Colon	70	tf	0.11554971775324281
479	Colon	80	tf	0.11091632083811534
480	Colon	90	tf	0.10964719852798338
481	Colon	100	tf	0.10741228214906141
482	Colon	200	tf	0.10921637035357712
483	Colon	300	tf	0.10707705325811322
484	Colon	400	tf	0.10771488456061705
485	Colon	500	tf	0.10251395075983691
486	Colon	600	tf	0.0993643749871408
487	Colon	700	tf	0.09499750031459535
488	Colon	800	tf	0.08867273644796163
489	Colon	900	tf	0.083185057524794
490	Colon	1000	tf	0.07522588152615976
491	Colon	1100	tf	0.06605764810554123
492	Colon	1200	tf	0.055942592730035205
493	Colon	1300	tf	0.04473860346883278
494	Colon	1400	tf	0.030105216369330123
495	Colon	2	non_tf	0.4612977867244656
496	Colon	3	non_tf	0.4355234157769728
497	Colon	4	non_tf	0.2713222385921752
498	Colon	5	non_tf	0.2537516172867356
499	Colon	6	non_tf	0.2776665297007384
500	Colon	7	non_tf	0.2570742075645367
501	Colon	8	non_tf	0.25878346119351325
502	Colon	9	non_tf	0.24441678647928225
503	Colon	10	non_tf	0.24204834163615604
504	Colon	20	non_tf	0.1335467095389243
505	Colon	30	non_tf	0.10212668431164657
506	Colon	40	non_tf	0.10379838346646623
507	Colon	50	non_tf	0.0958954996853196
508	Colon	60	non_tf	0.09342851703521493
509	Colon	70	non_tf	0.07970100123779492
510	Colon	80	non_tf	0.07589495158518533
511	Colon	90	non_tf	0.08148319959290137
512	Colon	100	non_tf	0.07948346062298314
513	Colon	200	non_tf	0.06205439810107042
514	Colon	300	non_tf	0.055920189464363744
515	Colon	400	non_tf	0.05251149987604532
516	Colon	500	non_tf	0.05140979685765531
517	Colon	600	non_tf	0.05240117019943112
518	Colon	700	non_tf	0.0535986516563678
519	Colon	800	non_tf	0.0541149685314072
520	Colon	900	non_tf	0.05491745217738258
521	Colon	1000	non_tf	0.054834291982810174
522	Esophagus	2	tf	0.6739275254664349
523	Esophagus	3	tf	0.4423064859652499
524	Esophagus	4	tf	0.2735453172512767
525	Esophagus	5	tf	0.2663774312862211
526	Esophagus	6	tf	0.2319768691004956
527	Esophagus	7	tf	0.22835681970340566
528	Esophagus	8	tf	0.23806495814889098
529	Esophagus	9	tf	0.23710136197721118
530	Esophagus	10	tf	0.22494706719850863
531	Esophagus	20	tf	0.19571027905039484
532	Esophagus	30	tf	0.1399378408161752
533	Esophagus	40	tf	0.13896057832078507
534	Esophagus	50	tf	0.1356911512105658
535	Esophagus	60	tf	0.14271987940473327
536	Esophagus	70	tf	0.12981817128708428
537	Esophagus	80	tf	0.13554314326708627
538	Esophagus	90	tf	0.13547809056717688
539	Esophagus	100	tf	0.13696183319650654
540	Esophagus	200	tf	0.1387062280608135
541	Esophagus	300	tf	0.14128174665167614
542	Esophagus	400	tf	0.13628766757107824
543	Esophagus	500	tf	0.1323259522117201
544	Esophagus	600	tf	0.1255698222622976
545	Esophagus	700	tf	0.12076576217614994
546	Esophagus	800	tf	0.11290074483380187
547	Esophagus	900	tf	0.10393576405469404
548	Esophagus	1000	tf	0.08977927461426481
549	Esophagus	1100	tf	0.07631224134996302
550	Esophagus	1200	tf	0.06262777106076524
551	Esophagus	1300	tf	0.04693995286079354
552	Esophagus	1400	tf	0.03164174934392752
553	Esophagus	2	non_tf	0.566964660490856
554	Esophagus	3	non_tf	0.33031878879731097
555	Esophagus	4	non_tf	0.2856158284333655
556	Esophagus	5	non_tf	0.25194676514149866
557	Esophagus	6	non_tf	0.2505897558161107
558	Esophagus	7	non_tf	0.2647889968205766
559	Esophagus	8	non_tf	0.2518650299670165
560	Esophagus	9	non_tf	0.24790929551346752
561	Esophagus	10	non_tf	0.2431540362772941
562	Esophagus	20	non_tf	0.1439792597703502
563	Esophagus	30	non_tf	0.12441814509391778
564	Esophagus	40	non_tf	0.11646688797742855
565	Esophagus	50	non_tf	0.12982897728495293
566	Esophagus	60	non_tf	0.11380532249817196
567	Esophagus	70	non_tf	0.1085228795993668
568	Esophagus	80	non_tf	0.09879187690463416
569	Esophagus	90	non_tf	0.09770779882680526
570	Esophagus	100	non_tf	0.09589366350628413
571	Esophagus	200	non_tf	0.07731592676657129
572	Esophagus	300	non_tf	0.07599167442803431
573	Esophagus	400	non_tf	0.07756699581702806
574	Esophagus	500	non_tf	0.07805618259230931
575	Esophagus	600	non_tf	0.07723956263151381
576	Esophagus	700	non_tf	0.07589284703177514
577	Esophagus	800	non_tf	0.07649752662252601
578	Esophagus	900	non_tf	0.07708176370489754
579	Esophagus	1000	non_tf	0.07773629553211313
580	Fallopian_Tube	2	tf	0.3247095141317983
581	Fallopian_Tube	3	tf	0.19254972571502643
582	Fallopian_Tube	4	tf	0.13306273444816968
583	Fallopian_Tube	5	tf	0.1252907891694432
584	Fallopian_Tube	6	tf	0.11533537475181417
585	Fallopian_Tube	7	tf	0.116626231175814
586	Fallopian_Tube	8	tf	0.12768976554446745
587	Fallopian_Tube	9	tf	0.12035417557172337
588	Fallopian_Tube	10	tf	0.1220304324765857
589	Fallopian_Tube	20	tf	0.10026516696291045
590	Fallopian_Tube	30	tf	0.09443903764555826
591	Fallopian_Tube	40	tf	0.08576428272409306
592	Fallopian_Tube	50	tf	0.08852137838042416
593	Fallopian_Tube	60	tf	0.09334331374934367
594	Fallopian_Tube	70	tf	0.0953885962433632
595	Fallopian_Tube	80	tf	0.10050392059629158
596	Fallopian_Tube	90	tf	0.10248311742216344
597	Fallopian_Tube	100	tf	0.10228786416155045
598	Fallopian_Tube	200	tf	0.12849086421173847
599	Fallopian_Tube	300	tf	0.15664210634081535
600	Fallopian_Tube	400	tf	0.16704570685367043
601	Fallopian_Tube	500	tf	0.1827573737029577
602	Fallopian_Tube	600	tf	0.18837223937436837
603	Fallopian_Tube	700	tf	0.19075611583486798
604	Fallopian_Tube	800	tf	0.18237418201236927
605	Fallopian_Tube	900	tf	0.16872085221738342
606	Fallopian_Tube	1000	tf	0.152708491865389
607	Fallopian_Tube	1100	tf	0.13681181526273042
608	Fallopian_Tube	1200	tf	0.11784065200674974
609	Fallopian_Tube	1300	tf	0.09453184568365319
610	Fallopian_Tube	1400	tf	0.06887799974054622
611	Fallopian_Tube	2	non_tf	0.27577323783723146
612	Fallopian_Tube	3	non_tf	0.20661540572892445
613	Fallopian_Tube	4	non_tf	0.16379661062122636
614	Fallopian_Tube	5	non_tf	0.16968437589926805
615	Fallopian_Tube	6	non_tf	0.14295867345497623
616	Fallopian_Tube	7	non_tf	0.1373445778136172
617	Fallopian_Tube	8	non_tf	0.12958738265639658
618	Fallopian_Tube	9	non_tf	0.12306421983143936
619	Fallopian_Tube	10	non_tf	0.12035692683931262
620	Fallopian_Tube	20	non_tf	0.06932295985747972
621	Fallopian_Tube	30	non_tf	0.04828007027904494
622	Fallopian_Tube	40	non_tf	0.05919230293317693
623	Fallopian_Tube	50	non_tf	0.0555867041451904
624	Fallopian_Tube	60	non_tf	0.05524685413640771
625	Fallopian_Tube	70	non_tf	0.05704248603150394
626	Fallopian_Tube	80	non_tf	0.05898152454251971
627	Fallopian_Tube	90	non_tf	0.06020085068801422
628	Fallopian_Tube	100	non_tf	0.05760334206265567
629	Fallopian_Tube	200	non_tf	0.053672499985883165
630	Fallopian_Tube	300	non_tf	0.06121004250663173
631	Fallopian_Tube	400	non_tf	0.06388571736757741
632	Fallopian_Tube	500	non_tf	0.06985512100718158
633	Fallopian_Tube	600	non_tf	0.07452041144673226
634	Fallopian_Tube	700	non_tf	0.07903009659969905
635	Fallopian_Tube	800	non_tf	0.08202454155355625
636	Fallopian_Tube	900	non_tf	0.0865058085091513
637	Fallopian_Tube	1000	non_tf	0.09027763954673017
638	Heart	2	tf	0.5967033819119812
639	Heart	3	tf	0.4677330239372565
640	Heart	4	tf	0.45577206563607786
641	Heart	5	tf	0.42450625229311145
642	Heart	6	tf	0.41385979204930307
643	Heart	7	tf	0.3327409746403166
644	Heart	8	tf	0.32829285526976976
645	Heart	9	tf	0.23214809487396448
646	Heart	10	tf	0.23120124898604172
647	Heart	20	tf	0.19250656948313502
648	Heart	30	tf	0.15442377387830689
649	Heart	40	tf	0.14471093073978675
650	Heart	50	tf	0.1328802458629461
651	Heart	60	tf	0.12503560126782082
652	Heart	70	tf	0.12004054443468766
653	Heart	80	tf	0.11827077048690825
654	Heart	90	tf	0.11244143839597698
655	Heart	100	tf	0.10609181159322999
656	Heart	200	tf	0.09183901224852707
657	Heart	300	tf	0.09721483291325521
658	Heart	400	tf	0.09713902513828798
659	Heart	500	tf	0.09694587895865937
660	Heart	600	tf	0.09403357277272528
661	Heart	700	tf	0.09230452973469543
662	Heart	800	tf	0.08735743898175943
663	Heart	900	tf	0.07888593289044703
664	Heart	1000	tf	0.07002207110616004
665	Heart	1100	tf	0.058861601757031916
666	Heart	1200	tf	0.046979701652608126
667	Heart	1300	tf	0.03363663033425261
668	Heart	1400	tf	0.021203339419691276
669	Heart	2	non_tf	0.5478699441292826
670	Heart	3	non_tf	0.41661620909100283
671	Heart	4	non_tf	0.4021304886879986
672	Heart	5	non_tf	0.3115634833832406
673	Heart	6	non_tf	0.2847838858128044
674	Heart	7	non_tf	0.28063084709242825
675	Heart	8	non_tf	0.19835125037945406
676	Heart	9	non_tf	0.2018176232140776
677	Heart	10	non_tf	0.1638339620778892
678	Heart	20	non_tf	0.14743496481801227
679	Heart	30	non_tf	0.127821060114469
680	Heart	40	non_tf	0.11741167572823148
681	Heart	50	non_tf	0.09959517373961067
682	Heart	60	non_tf	0.08820523062537278
683	Heart	70	non_tf	0.08368215417117231
684	Heart	80	non_tf	0.08288297396565956
685	Heart	90	non_tf	0.07249301861311838
686	Heart	100	non_tf	0.0708949266300343
687	Heart	200	non_tf	0.05854948723599165
688	Heart	300	non_tf	0.054528392869630925
689	Heart	400	non_tf	0.051240152920166225
690	Heart	500	non_tf	0.0515121646647831
691	Heart	600	non_tf	0.0498472160020988
692	Heart	700	non_tf	0.04930007271939641
693	Heart	800	non_tf	0.050107398828103916
694	Heart	900	non_tf	0.051474020810916926
695	Heart	1000	non_tf	0.05270878638634993
696	Kidney	2	tf	0.5523117374154146
697	Kidney	3	tf	0.312792184478531
698	Kidney	4	tf	0.17533435425968144
699	Kidney	5	tf	0.1620205115431679
700	Kidney	6	tf	0.13490329735667575
701	Kidney	7	tf	0.12970775986860114
702	Kidney	8	tf	0.12431382665551814
703	Kidney	9	tf	0.1232190956721557
704	Kidney	10	tf	0.12180724848768917
705	Kidney	20	tf	0.07360214472127949
706	Kidney	30	tf	0.06639224337864462
707	Kidney	40	tf	0.060406237636879676
708	Kidney	50	tf	0.04847744456247394
709	Kidney	60	tf	0.04486787030989652
710	Kidney	70	tf	0.043821565675733455
711	Kidney	80	tf	0.04444852734232543
712	Kidney	90	tf	0.04433851013060223
713	Kidney	100	tf	0.045578941357869614
714	Kidney	200	tf	0.05737833482875008
715	Kidney	300	tf	0.06509893508615228
716	Kidney	400	tf	0.07391770017560396
717	Kidney	500	tf	0.07823541411713147
718	Kidney	600	tf	0.0799886122331065
719	Kidney	700	tf	0.08273145705058929
720	Kidney	800	tf	0.08096528394823252
721	Kidney	900	tf	0.07715554946393038
722	Kidney	1000	tf	0.0694728585080511
723	Kidney	1100	tf	0.06173391782431198
724	Kidney	1200	tf	0.05178952385286187
725	Kidney	1300	tf	0.040898077036826457
726	Kidney	1400	tf	0.030351688724081116
727	Kidney	2	non_tf	0.5103008674943058
728	Kidney	3	non_tf	0.2463052360992119
729	Kidney	4	non_tf	0.22537054061337494
730	Kidney	5	non_tf	0.21154859983145716
731	Kidney	6	non_tf	0.20875994552450064
732	Kidney	7	non_tf	0.20007098392367614
733	Kidney	8	non_tf	0.1661773428473865
734	Kidney	9	non_tf	0.15393168891673356
735	Kidney	10	non_tf	0.15020450450308206
736	Kidney	20	non_tf	0.061394502796243484
737	Kidney	30	non_tf	0.041705883175015585
738	Kidney	40	non_tf	0.02904588088517585
739	Kidney	50	non_tf	0.014824852789860246
740	Kidney	60	non_tf	0.014748441787251924
741	Kidney	70	non_tf	0.01253042737339085
742	Kidney	80	non_tf	0.012794226906483382
743	Kidney	90	non_tf	0.010189588968407404
744	Kidney	100	non_tf	0.012538277847351828
745	Kidney	200	non_tf	0.010315719487388884
746	Kidney	300	non_tf	0.012405636796959829
747	Kidney	400	non_tf	0.012564880479247396
748	Kidney	500	non_tf	0.015099019479480915
749	Kidney	600	non_tf	0.01807193105831144
750	Kidney	700	non_tf	0.01956942275938641
751	Kidney	800	non_tf	0.02182535207418157
752	Kidney	900	non_tf	0.02490010279686612
753	Kidney	1000	non_tf	0.02729373553845525
754	Liver	2	tf	0.40512560820251414
755	Liver	3	tf	0.39581980589716953
756	Liver	4	tf	0.34648241582007533
757	Liver	5	tf	0.29832971347654186
758	Liver	6	tf	0.29327398636546415
759	Liver	7	tf	0.29025020564856563
760	Liver	8	tf	0.1315312950479739
761	Liver	9	tf	0.12957213318918978
762	Liver	10	tf	0.137303799139723
763	Liver	20	tf	0.0987930711927545
764	Liver	30	tf	0.0718561479317951
765	Liver	40	tf	0.060287842742513253
766	Liver	50	tf	0.056618315182286535
767	Liver	60	tf	0.050673657166383924
768	Liver	70	tf	0.05429329372646363
769	Liver	80	tf	0.0561431327961823
770	Liver	90	tf	0.059097018260716484
771	Liver	100	tf	0.05724502596469042
772	Liver	200	tf	0.06436575912294257
773	Liver	300	tf	0.07399008575794967
774	Liver	400	tf	0.08167733866208955
775	Liver	500	tf	0.08756164176611092
776	Liver	600	tf	0.0860704202021585
777	Liver	700	tf	0.08546310794270681
778	Liver	800	tf	0.0801539384262184
779	Liver	900	tf	0.07319936130544924
780	Liver	1000	tf	0.06622038089035688
781	Liver	1100	tf	0.05745155500831138
782	Liver	1200	tf	0.04601099486349434
783	Liver	1300	tf	0.03330651414696716
784	Liver	1400	tf	0.01885760183472447
785	Liver	2	non_tf	0.4221821282051033
786	Liver	3	non_tf	0.37015603969139704
787	Liver	4	non_tf	0.3522578099822794
788	Liver	5	non_tf	0.3388022051261653
789	Liver	6	non_tf	0.2955337391856037
790	Liver	7	non_tf	0.23157779659088018
791	Liver	8	non_tf	0.23143269634586472
792	Liver	9	non_tf	0.09760073004285384
793	Liver	10	non_tf	0.0869762298638187
794	Liver	20	non_tf	0.08177358060375055
795	Liver	30	non_tf	0.05838545668516593
796	Liver	40	non_tf	0.051616810005247905
797	Liver	50	non_tf	0.04335489782712859
798	Liver	60	non_tf	0.03674182421348406
799	Liver	70	non_tf	0.029060551828423493
800	Liver	80	non_tf	0.024705337031713393
801	Liver	90	non_tf	0.025410893338430128
802	Liver	100	non_tf	0.022698549605699583
803	Liver	200	non_tf	0.017673477045732692
804	Liver	300	non_tf	0.0173121618038986
805	Liver	400	non_tf	0.020013934621348255
806	Liver	500	non_tf	0.02116793973903087
807	Liver	600	non_tf	0.02358839519364528
808	Liver	700	non_tf	0.026030223452283105
809	Liver	800	non_tf	0.02792239567521608
810	Liver	900	non_tf	0.03019242479767307
811	Liver	1000	non_tf	0.03166053013267993
812	Lung	2	tf	0.5429402501786187
813	Lung	3	tf	0.530527690619721
814	Lung	4	tf	0.38131985055378603
815	Lung	5	tf	0.27720925451551554
816	Lung	6	tf	0.27194861822421723
817	Lung	7	tf	0.24478789154446415
818	Lung	8	tf	0.2465086124452976
819	Lung	9	tf	0.24229793337098268
820	Lung	10	tf	0.21603196592697033
821	Lung	20	tf	0.13778584928443655
822	Lung	30	tf	0.1292799977390722
823	Lung	40	tf	0.1182256442631013
824	Lung	50	tf	0.10101800619086027
825	Lung	60	tf	0.08901104532175642
826	Lung	70	tf	0.07948074632510627
827	Lung	80	tf	0.07267455046943518
828	Lung	90	tf	0.06975496438645425
829	Lung	100	tf	0.06998018721626795
830	Lung	200	tf	0.075597145429685
831	Lung	300	tf	0.0773656144907952
832	Lung	400	tf	0.08232502165522791
833	Lung	500	tf	0.08539845914690719
834	Lung	600	tf	0.0861459196740444
835	Lung	700	tf	0.0830107430942621
836	Lung	800	tf	0.07727308572684273
837	Lung	900	tf	0.0728780405389963
838	Lung	1000	tf	0.06527170242577567
839	Lung	1100	tf	0.05762623273374369
840	Lung	1200	tf	0.04824724278907244
841	Lung	1300	tf	0.03881682354777073
842	Lung	1400	tf	0.025623754568243857
843	Lung	2	non_tf	0.5575992295871283
844	Lung	3	non_tf	0.5292104382943736
845	Lung	4	non_tf	0.31080375020062356
846	Lung	5	non_tf	0.24985809789925428
847	Lung	6	non_tf	0.12589551406297336
848	Lung	7	non_tf	0.22826593368756412
849	Lung	8	non_tf	0.22474768233691964
850	Lung	9	non_tf	0.22353380025343902
851	Lung	10	non_tf	0.21645676943193973
852	Lung	20	non_tf	0.16879040484636518
853	Lung	30	non_tf	0.1327418915136211
854	Lung	40	non_tf	0.10775387919870111
855	Lung	50	non_tf	0.09781961315270882
856	Lung	60	non_tf	0.08234440949525437
857	Lung	70	non_tf	0.0704937275942583
858	Lung	80	non_tf	0.06326178359506333
859	Lung	90	non_tf	0.056803290897710905
860	Lung	100	non_tf	0.057369100023292804
861	Lung	200	non_tf	0.04159495922778841
862	Lung	300	non_tf	0.03440168586458086
863	Lung	400	non_tf	0.031937551226816165
864	Lung	500	non_tf	0.03128247638948451
865	Lung	600	non_tf	0.03085811834831404
866	Lung	700	non_tf	0.03168457392345758
867	Lung	800	non_tf	0.0325099307364446
868	Lung	900	non_tf	0.03368378743470774
869	Lung	1000	non_tf	0.0350383345333622
870	Muscle	2	tf	0.7031862506826444
871	Muscle	3	tf	0.520134964452168
872	Muscle	4	tf	0.45376284809108297
873	Muscle	5	tf	0.31582237169368216
874	Muscle	6	tf	0.3100307140051608
875	Muscle	7	tf	0.2719137504653942
876	Muscle	8	tf	0.2659467792663823
877	Muscle	9	tf	0.26578210439950395
878	Muscle	10	tf	0.2653938975636287
879	Muscle	20	tf	0.1561242199761041
880	Muscle	30	tf	0.11928051868712237
881	Muscle	40	tf	0.1060799161238344
882	Muscle	50	tf	0.09114953958063114
883	Muscle	60	tf	0.08587020462498998
884	Muscle	70	tf	0.08262630917653922
885	Muscle	80	tf	0.08418915717331174
886	Muscle	90	tf	0.08292392395517913
887	Muscle	100	tf	0.0797205138256419
888	Muscle	200	tf	0.0814359330698709
889	Muscle	300	tf	0.08154875033999415
890	Muscle	400	tf	0.08250030297292728
891	Muscle	500	tf	0.08425509703792312
892	Muscle	600	tf	0.08410011594763016
893	Muscle	700	tf	0.08397341238633478
894	Muscle	800	tf	0.0800183979853269
895	Muscle	900	tf	0.07248446851847065
896	Muscle	1000	tf	0.06527403285905199
897	Muscle	1100	tf	0.05733643124094545
898	Muscle	1200	tf	0.04668454057938982
899	Muscle	1300	tf	0.0348498235097803
900	Muscle	1400	tf	0.022572453129387344
901	Muscle	2	non_tf	0.6324770403053291
902	Muscle	3	non_tf	0.4896994627996729
903	Muscle	4	non_tf	0.4763303641926897
904	Muscle	5	non_tf	0.4635574941076386
905	Muscle	6	non_tf	0.3606776454705601
906	Muscle	7	non_tf	0.2066489385459376
907	Muscle	8	non_tf	0.19217015726990452
908	Muscle	9	non_tf	0.18457228115322694
909	Muscle	10	non_tf	0.18478097303551577
910	Muscle	20	non_tf	0.1168297280149727
911	Muscle	30	non_tf	0.13031065720836194
912	Muscle	40	non_tf	0.11089186833472435
913	Muscle	50	non_tf	0.0996263611808586
914	Muscle	60	non_tf	0.08235246252137857
915	Muscle	70	non_tf	0.07671347011733608
916	Muscle	80	non_tf	0.06589764247537655
917	Muscle	90	non_tf	0.06220986520559136
918	Muscle	100	non_tf	0.05326605914293286
919	Muscle	200	non_tf	0.04045983446088987
920	Muscle	300	non_tf	0.0343165321856098
921	Muscle	400	non_tf	0.03292708474709628
922	Muscle	500	non_tf	0.03349019106120456
923	Muscle	600	non_tf	0.03429918249759344
924	Muscle	700	non_tf	0.035742344344733855
925	Muscle	800	non_tf	0.037215430704611176
926	Muscle	900	non_tf	0.03939997271230697
927	Muscle	1000	non_tf	0.04074801419532802
928	Nerve	2	tf	0.6158587351576632
929	Nerve	3	tf	0.5799789177746156
930	Nerve	4	tf	0.5764662031754174
931	Nerve	5	tf	0.5510032003882422
932	Nerve	6	tf	0.549296251503721
933	Nerve	7	tf	0.39613091426935826
934	Nerve	8	tf	0.38622329447442905
935	Nerve	9	tf	0.285068575392633
936	Nerve	10	tf	0.2834614473082513
937	Nerve	20	tf	0.17761968030369119
938	Nerve	30	tf	0.0911832290624121
939	Nerve	40	tf	0.08928799641512665
940	Nerve	50	tf	0.08465391525517271
941	Nerve	60	tf	0.07474048534410695
942	Nerve	70	tf	0.07103072302887026
943	Nerve	80	tf	0.07256367521532962
944	Nerve	90	tf	0.06796764028740096
945	Nerve	100	tf	0.06586187499061856
946	Nerve	200	tf	0.060050999014541015
947	Nerve	300	tf	0.06413875443315742
948	Nerve	400	tf	0.06855488395995056
949	Nerve	500	tf	0.07334633260942659
950	Nerve	600	tf	0.0744227193875417
951	Nerve	700	tf	0.07289121802486734
952	Nerve	800	tf	0.07055629408861215
953	Nerve	900	tf	0.06509624708993289
954	Nerve	1000	tf	0.05759812934457754
955	Nerve	1100	tf	0.05130885238651778
956	Nerve	1200	tf	0.04262868852170007
957	Nerve	1300	tf	0.03328199154169775
958	Nerve	1400	tf	0.022729755815107628
959	Nerve	2	non_tf	0.6944312554114949
960	Nerve	3	non_tf	0.45610690782270497
961	Nerve	4	non_tf	0.44310305660832827
962	Nerve	5	non_tf	0.4435620971214194
963	Nerve	6	non_tf	0.4049639656861743
964	Nerve	7	non_tf	0.4052183678247428
965	Nerve	8	non_tf	0.3468462843570877
966	Nerve	9	non_tf	0.2176643965710686
967	Nerve	10	non_tf	0.2149350156542074
968	Nerve	20	non_tf	0.191744896456207
969	Nerve	30	non_tf	0.11604480950711717
970	Nerve	40	non_tf	0.08169732249769888
971	Nerve	50	non_tf	0.06631115739391318
972	Nerve	60	non_tf	0.05561185484777201
973	Nerve	70	non_tf	0.045158584181970156
974	Nerve	80	non_tf	0.05713779019125814
975	Nerve	90	non_tf	0.053341732573897065
976	Nerve	100	non_tf	0.05284587831750501
977	Nerve	200	non_tf	0.033466464287026584
978	Nerve	300	non_tf	0.025742636451201176
979	Nerve	400	non_tf	0.02512906289798997
980	Nerve	500	non_tf	0.023539674349298885
981	Nerve	600	non_tf	0.024131870419667665
982	Nerve	700	non_tf	0.02429277695621738
983	Nerve	800	non_tf	0.02644485273414623
984	Nerve	900	non_tf	0.028472817598438793
985	Nerve	1000	non_tf	0.029807729558137253
986	Ovary	2	tf	0.5791526170659492
987	Ovary	3	tf	0.5381954866165352
988	Ovary	4	tf	0.39816753342273986
989	Ovary	5	tf	0.38853390301751956
990	Ovary	6	tf	0.3318293966817897
991	Ovary	7	tf	0.3264290623194508
992	Ovary	8	tf	0.3146308046735229
993	Ovary	9	tf	0.17108568593197754
994	Ovary	10	tf	0.16926135417192562
995	Ovary	20	tf	0.1007348352617289
996	Ovary	30	tf	0.09360879988557791
997	Ovary	40	tf	0.07313807822192905
998	Ovary	50	tf	0.0600728489042773
999	Ovary	60	tf	0.06058115429988894
1000	Ovary	70	tf	0.05991768474923387
1001	Ovary	80	tf	0.05673185110836217
1002	Ovary	90	tf	0.056521152860033196
1003	Ovary	100	tf	0.05493705736671798
1004	Ovary	200	tf	0.06449033893387388
1005	Ovary	300	tf	0.07173563389409955
1006	Ovary	400	tf	0.07957538690772101
1007	Ovary	500	tf	0.08183222893203941
1008	Ovary	600	tf	0.08094795318463698
1009	Ovary	700	tf	0.08066420003722345
1010	Ovary	800	tf	0.07765796946153804
1011	Ovary	900	tf	0.07411541232256139
1012	Ovary	1000	tf	0.06667993273705417
1013	Ovary	1100	tf	0.05722417798632665
1014	Ovary	1200	tf	0.04836748830071281
1015	Ovary	1300	tf	0.036404861071904056
1016	Ovary	1400	tf	0.02624612352706209
1017	Ovary	2	non_tf	0.5584728890401891
1018	Ovary	3	non_tf	0.4654691758288697
1019	Ovary	4	non_tf	0.44422843408755214
1020	Ovary	5	non_tf	0.3852201845652279
1021	Ovary	6	non_tf	0.2401636043175189
1022	Ovary	7	non_tf	0.23068510154441227
1023	Ovary	8	non_tf	0.13598664135828584
1024	Ovary	9	non_tf	0.13301304245130752
1025	Ovary	10	non_tf	0.12874242720920248
1026	Ovary	20	non_tf	0.06787620104644956
1027	Ovary	30	non_tf	0.06311425797922059
1028	Ovary	40	non_tf	0.049804903687591544
1029	Ovary	50	non_tf	0.04142189475626346
1030	Ovary	60	non_tf	0.03451004326487391
1031	Ovary	70	non_tf	0.03227713365483679
1032	Ovary	80	non_tf	0.03210330534519345
1033	Ovary	90	non_tf	0.030478682686491648
1034	Ovary	100	non_tf	0.02837908484955501
1035	Ovary	200	non_tf	0.013010439012378795
1036	Ovary	300	non_tf	0.014192716788535651
1037	Ovary	400	non_tf	0.015937983614436952
1038	Ovary	500	non_tf	0.02049861337709552
1039	Ovary	600	non_tf	0.02145722819563776
1040	Ovary	700	non_tf	0.022995451519678883
1041	Ovary	800	non_tf	0.02666817245608368
1042	Ovary	900	non_tf	0.02880016743262248
1043	Ovary	1000	non_tf	0.03051478556976045
1044	Pancreas	2	tf	0.6971674130197133
1045	Pancreas	3	tf	0.40877319520465283
1046	Pancreas	4	tf	0.3847872041510121
1047	Pancreas	5	tf	0.3830985161261099
1048	Pancreas	6	tf	0.2946359838409622
1049	Pancreas	7	tf	0.15684487496657892
1050	Pancreas	8	tf	0.1551591798639211
1051	Pancreas	9	tf	0.1746603487027158
1052	Pancreas	10	tf	0.16440872598852233
1053	Pancreas	20	tf	0.09385525042628783
1054	Pancreas	30	tf	0.0818149753136216
1055	Pancreas	40	tf	0.0777459789139176
1056	Pancreas	50	tf	0.0712343229663594
1057	Pancreas	60	tf	0.058349604801496376
1058	Pancreas	70	tf	0.056877860352124235
1059	Pancreas	80	tf	0.05557179781067403
1060	Pancreas	90	tf	0.05557667062835907
1061	Pancreas	100	tf	0.054314930491235994
1062	Pancreas	200	tf	0.06404588273284159
1063	Pancreas	300	tf	0.06907285124095403
1064	Pancreas	400	tf	0.07460616005100702
1065	Pancreas	500	tf	0.07960658294777193
1066	Pancreas	600	tf	0.08181949429664129
1067	Pancreas	700	tf	0.08066332367167466
1068	Pancreas	800	tf	0.07914661878706263
1069	Pancreas	900	tf	0.07261399198697625
1070	Pancreas	1000	tf	0.06612030626634464
1071	Pancreas	1100	tf	0.05836965990884859
1072	Pancreas	1200	tf	0.048425834952942455
1073	Pancreas	1300	tf	0.03691912648385408
1074	Pancreas	1400	tf	0.025269242578125933
1075	Pancreas	2	non_tf	0.48217133093878073
1076	Pancreas	3	non_tf	0.43897209120706043
1077	Pancreas	4	non_tf	0.2052275765717715
1078	Pancreas	5	non_tf	0.19840356503162399
1079	Pancreas	6	non_tf	0.12572699582072644
1080	Pancreas	7	non_tf	0.15282291443108564
1081	Pancreas	8	non_tf	0.1521907831114084
1082	Pancreas	9	non_tf	0.15229751584770326
1083	Pancreas	10	non_tf	0.14703700006790874
1084	Pancreas	20	non_tf	0.12126128418076888
1085	Pancreas	30	non_tf	0.08325566227548878
1086	Pancreas	40	non_tf	0.06136800418055722
1087	Pancreas	50	non_tf	0.048873990680740526
1088	Pancreas	60	non_tf	0.03756537712421734
1089	Pancreas	70	non_tf	0.03530787205591326
1090	Pancreas	80	non_tf	0.026797716361307428
1091	Pancreas	90	non_tf	0.020028288325792627
1092	Pancreas	100	non_tf	0.019232201857811576
1093	Pancreas	200	non_tf	0.015285695921731717
1094	Pancreas	300	non_tf	0.0155737230941608
1095	Pancreas	400	non_tf	0.016615448656783556
1096	Pancreas	500	non_tf	0.01739824683953389
1097	Pancreas	600	non_tf	0.019786995141098607
1098	Pancreas	700	non_tf	0.021880122253858353
1099	Pancreas	800	non_tf	0.023895075871848723
1100	Pancreas	900	non_tf	0.025617493013004713
1101	Pancreas	1000	non_tf	0.02840566329870315
1102	Pituitary	2	tf	0.5526942197884153
1103	Pituitary	3	tf	0.5270781410263264
1104	Pituitary	4	tf	0.5100689610952369
1105	Pituitary	5	tf	0.47419244262222976
1106	Pituitary	6	tf	0.4551519568801987
1107	Pituitary	7	tf	0.35484919397431397
1108	Pituitary	8	tf	0.34930335892376496
1109	Pituitary	9	tf	0.3471019795764134
1110	Pituitary	10	tf	0.2092986725065109
1111	Pituitary	20	tf	0.15602996881756537
1112	Pituitary	30	tf	0.10713850682700767
1113	Pituitary	40	tf	0.08792646257940308
1114	Pituitary	50	tf	0.08534742903362139
1115	Pituitary	60	tf	0.07901634157524556
1116	Pituitary	70	tf	0.07670214818965292
1117	Pituitary	80	tf	0.0683709211711771
1118	Pituitary	90	tf	0.06784138959353547
1119	Pituitary	100	tf	0.06666123662901127
1120	Pituitary	200	tf	0.06337150245945633
1121	Pituitary	300	tf	0.07208598446448365
1122	Pituitary	400	tf	0.07726088431884223
1123	Pituitary	500	tf	0.08017248748247482
1124	Pituitary	600	tf	0.08075584932523489
1125	Pituitary	700	tf	0.08058465534819488
1126	Pituitary	800	tf	0.0771575730472782
1127	Pituitary	900	tf	0.0707281924867897
1128	Pituitary	1000	tf	0.06331866961425066
1129	Pituitary	1100	tf	0.05729362104834602
1130	Pituitary	1200	tf	0.04833976940767798
1131	Pituitary	1300	tf	0.03935920204993679
1132	Pituitary	1400	tf	0.029431246685455156
1133	Pituitary	2	non_tf	0.5250745874728073
1134	Pituitary	3	non_tf	0.4926596773466687
1135	Pituitary	4	non_tf	0.20492931235052922
1136	Pituitary	5	non_tf	0.10324119639020905
1137	Pituitary	6	non_tf	0.10956588320582979
1138	Pituitary	7	non_tf	0.10668141833221716
1139	Pituitary	8	non_tf	0.0970500742268171
1140	Pituitary	9	non_tf	0.14811941150232064
1141	Pituitary	10	non_tf	0.14898596927707167
1142	Pituitary	20	non_tf	0.07435669611563028
1143	Pituitary	30	non_tf	0.08181801195427643
1144	Pituitary	40	non_tf	0.06189496342758381
1145	Pituitary	50	non_tf	0.056518590452701384
1146	Pituitary	60	non_tf	0.04252665370750358
1147	Pituitary	70	non_tf	0.04358715277501283
1148	Pituitary	80	non_tf	0.04060784802902957
1149	Pituitary	90	non_tf	0.0404746794012068
1150	Pituitary	100	non_tf	0.03654592280658455
1151	Pituitary	200	non_tf	0.024109592539130285
1152	Pituitary	300	non_tf	0.019647056585458133
1153	Pituitary	400	non_tf	0.0203978330262836
1154	Pituitary	500	non_tf	0.021184052863873842
1155	Pituitary	600	non_tf	0.02461575429816927
1156	Pituitary	700	non_tf	0.026173458417875082
1157	Pituitary	800	non_tf	0.02805859295342792
1158	Pituitary	900	non_tf	0.02946618273453409
1159	Pituitary	1000	non_tf	0.03021799306880073
1160	Prostate	2	tf	0.632487948792258
1161	Prostate	3	tf	0.45314501416211844
1162	Prostate	4	tf	0.40703903471790065
1163	Prostate	5	tf	0.40419190834634033
1164	Prostate	6	tf	0.39131005269765956
1165	Prostate	7	tf	0.35071896997550306
1166	Prostate	8	tf	0.24573695862989184
1167	Prostate	9	tf	0.2445134570105754
1168	Prostate	10	tf	0.15340423103399142
1169	Prostate	20	tf	0.12110701849042407
1170	Prostate	30	tf	0.08552018506065522
1171	Prostate	40	tf	0.06376926972798587
1172	Prostate	50	tf	0.06216138267929366
1173	Prostate	60	tf	0.053526071413539066
1174	Prostate	70	tf	0.05071891180074744
1175	Prostate	80	tf	0.04806755254235181
1176	Prostate	90	tf	0.0490096750965129
1177	Prostate	100	tf	0.04953845636855858
1178	Prostate	200	tf	0.059797003499783535
1179	Prostate	300	tf	0.06634339262786972
1180	Prostate	400	tf	0.06858066819313564
1181	Prostate	500	tf	0.07306496126170328
1182	Prostate	600	tf	0.07642522525909759
1183	Prostate	700	tf	0.07695262067660513
1184	Prostate	800	tf	0.07393884448136671
1185	Prostate	900	tf	0.06909926928649351
1186	Prostate	1000	tf	0.06363813315652038
1187	Prostate	1100	tf	0.05769230815306156
1188	Prostate	1200	tf	0.04960427154580136
1189	Prostate	1300	tf	0.03961449784539324
1190	Prostate	1400	tf	0.028983504410477628
1191	Prostate	2	non_tf	0.5725772679466941
1192	Prostate	3	non_tf	0.5201120493172156
1193	Prostate	4	non_tf	0.33555077425756524
1194	Prostate	5	non_tf	0.304009412498926
1195	Prostate	6	non_tf	0.2873032388704663
1196	Prostate	7	non_tf	0.25338576206437446
1197	Prostate	8	non_tf	0.2524538430276623
1198	Prostate	9	non_tf	0.2522258286528284
1199	Prostate	10	non_tf	0.24863814702585815
1200	Prostate	20	non_tf	0.10134581876552783
1201	Prostate	30	non_tf	0.07967051063575416
1202	Prostate	40	non_tf	0.05403877293950411
1203	Prostate	50	non_tf	0.04820611460501791
1204	Prostate	60	non_tf	0.03414017890855005
1205	Prostate	70	non_tf	0.029150227586345376
1206	Prostate	80	non_tf	0.025611502583880123
1207	Prostate	90	non_tf	0.02501590878926157
1208	Prostate	100	non_tf	0.023382012885745408
1209	Prostate	200	non_tf	0.012099790938236075
1210	Prostate	300	non_tf	0.015655330049651365
1211	Prostate	400	non_tf	0.01565871115142822
1212	Prostate	500	non_tf	0.01855227523804496
1213	Prostate	600	non_tf	0.019465726858045308
1214	Prostate	700	non_tf	0.022005151686211696
1215	Prostate	800	non_tf	0.02321513447576108
1216	Prostate	900	non_tf	0.0242515900892361
1217	Prostate	1000	non_tf	0.02719578476757014
1218	Salivary_Gland	2	tf	0.5648262235518456
1219	Salivary_Gland	3	tf	0.532925768914157
1220	Salivary_Gland	4	tf	0.1719018240078014
1221	Salivary_Gland	5	tf	0.15238812613233074
1222	Salivary_Gland	6	tf	0.1521763743557168
1223	Salivary_Gland	7	tf	0.15004519262454163
1224	Salivary_Gland	8	tf	0.14819785706872676
1225	Salivary_Gland	9	tf	0.14615327482612528
1226	Salivary_Gland	10	tf	0.11021521061685485
1227	Salivary_Gland	20	tf	0.10314495953720593
1228	Salivary_Gland	30	tf	0.0760677212324685
1229	Salivary_Gland	40	tf	0.05602955357474468
1230	Salivary_Gland	50	tf	0.05113408113299561
1231	Salivary_Gland	60	tf	0.04719111395268272
1232	Salivary_Gland	70	tf	0.04582315700321806
1233	Salivary_Gland	80	tf	0.04333573273060579
1234	Salivary_Gland	90	tf	0.044979932967988925
1235	Salivary_Gland	100	tf	0.04772104860479761
1236	Salivary_Gland	200	tf	0.05574850856247622
1237	Salivary_Gland	300	tf	0.060701870503382424
1238	Salivary_Gland	400	tf	0.06790778250666728
1239	Salivary_Gland	500	tf	0.06987967850917924
1240	Salivary_Gland	600	tf	0.07018978420243177
1241	Salivary_Gland	700	tf	0.07257994686882911
1242	Salivary_Gland	800	tf	0.06960976078659539
1243	Salivary_Gland	900	tf	0.06611858799485464
1244	Salivary_Gland	1000	tf	0.05986079850017547
1245	Salivary_Gland	1100	tf	0.05349705597906976
1246	Salivary_Gland	1200	tf	0.045150264843659714
1247	Salivary_Gland	1300	tf	0.036256023079677104
1248	Salivary_Gland	1400	tf	0.02601991775587837
1249	Salivary_Gland	2	non_tf	0.4010731420034049
1250	Salivary_Gland	3	non_tf	0.39060056929645764
1251	Salivary_Gland	4	non_tf	0.3520018295667346
1252	Salivary_Gland	5	non_tf	0.35250960434792955
1253	Salivary_Gland	6	non_tf	0.3496799748344076
1254	Salivary_Gland	7	non_tf	0.23659451878294485
1255	Salivary_Gland	8	non_tf	0.22178302835834568
1256	Salivary_Gland	9	non_tf	0.20430241913369238
1257	Salivary_Gland	10	non_tf	0.2029124705113304
1258	Salivary_Gland	20	non_tf	0.11016373501505386
1259	Salivary_Gland	30	non_tf	0.0814507200427945
1260	Salivary_Gland	40	non_tf	0.05080820747093582
1261	Salivary_Gland	50	non_tf	0.04314749598401526
1262	Salivary_Gland	60	non_tf	0.03300338332287412
1263	Salivary_Gland	70	non_tf	0.028251316936286755
1264	Salivary_Gland	80	non_tf	0.024696839416330923
1265	Salivary_Gland	90	non_tf	0.023332481489130173
1266	Salivary_Gland	100	non_tf	0.02439653385766012
1267	Salivary_Gland	200	non_tf	0.012817315499655701
1268	Salivary_Gland	300	non_tf	0.014392309323880683
1269	Salivary_Gland	400	non_tf	0.01724038544660948
1270	Salivary_Gland	500	non_tf	0.01884499747786005
1271	Salivary_Gland	600	non_tf	0.021308651173526802
1272	Salivary_Gland	700	non_tf	0.023527724129067843
1273	Salivary_Gland	800	non_tf	0.02462430441920131
1274	Salivary_Gland	900	non_tf	0.02509163894324931
1275	Salivary_Gland	1000	non_tf	0.026837822831149934
1276	Skin	2	tf	0.37564165650350706
1277	Skin	3	tf	0.3291757270129266
1278	Skin	4	tf	0.32248157359596635
1279	Skin	5	tf	0.32485054663744045
1280	Skin	6	tf	0.3053301299840028
1281	Skin	7	tf	0.3003435280008066
1282	Skin	8	tf	0.2682057583359752
1283	Skin	9	tf	0.2677196402557113
1284	Skin	10	tf	0.2325523722473483
1285	Skin	20	tf	0.17558489267577032
1286	Skin	30	tf	0.16056609709112088
1287	Skin	40	tf	0.14184069829037557
1288	Skin	50	tf	0.15298849618685664
1289	Skin	60	tf	0.14429902924355997
1290	Skin	70	tf	0.1356198867732249
1291	Skin	80	tf	0.1391126996524949
1292	Skin	90	tf	0.14047122839975898
1293	Skin	100	tf	0.13545127567669427
1294	Skin	200	tf	0.14686613255657868
1295	Skin	300	tf	0.14424665430798125
1296	Skin	400	tf	0.1434544086164694
1297	Skin	500	tf	0.14219592022821018
1298	Skin	600	tf	0.13477036204274373
1299	Skin	700	tf	0.13083529407625355
1300	Skin	800	tf	0.12331049021432826
1301	Skin	900	tf	0.11028655713672285
1302	Skin	1000	tf	0.09757980883186615
1303	Skin	1100	tf	0.08160792336313129
1304	Skin	1200	tf	0.06502103907318578
1305	Skin	1300	tf	0.04977494040790914
1306	Skin	1400	tf	0.03303851747679101
1307	Skin	2	non_tf	0.37855228155212783
1308	Skin	3	non_tf	0.37799051894973207
1309	Skin	4	non_tf	0.3468537177467247
1310	Skin	5	non_tf	0.3363384307342332
1311	Skin	6	non_tf	0.28991162351876854
1312	Skin	7	non_tf	0.2734669637607686
1313	Skin	8	non_tf	0.26711742132655936
1314	Skin	9	non_tf	0.235281880309061
1315	Skin	10	non_tf	0.22613819647440814
1316	Skin	20	non_tf	0.14124037171868517
1317	Skin	30	non_tf	0.13059996532023938
1318	Skin	40	non_tf	0.13380958282188368
1319	Skin	50	non_tf	0.1238924262826422
1320	Skin	60	non_tf	0.12207498541513537
1321	Skin	70	non_tf	0.11627640558757699
1322	Skin	80	non_tf	0.11546572575528653
1323	Skin	90	non_tf	0.10859886954044434
1324	Skin	100	non_tf	0.1030557937391062
1325	Skin	200	non_tf	0.09852309409835106
1326	Skin	300	non_tf	0.09691136767375919
1327	Skin	400	non_tf	0.09647636296109872
1328	Skin	500	non_tf	0.09302232491930255
1329	Skin	600	non_tf	0.09022974021086119
1330	Skin	700	non_tf	0.09195758543418887
1331	Skin	800	non_tf	0.09246290474941371
1332	Skin	900	non_tf	0.09343365723710145
1333	Skin	1000	non_tf	0.09531687857788644
1334	Small_Intestine	2	tf	0.5281892479131319
1335	Small_Intestine	3	tf	0.5024580673639502
1336	Small_Intestine	4	tf	0.20237543706119906
1337	Small_Intestine	5	tf	0.22697602657673838
1338	Small_Intestine	6	tf	0.21989343338527
1339	Small_Intestine	7	tf	0.1586018600142493
1340	Small_Intestine	8	tf	0.14711838081036682
1341	Small_Intestine	9	tf	0.14691893338259857
1342	Small_Intestine	10	tf	0.13781078509802494
1343	Small_Intestine	20	tf	0.10493393206587144
1344	Small_Intestine	30	tf	0.09495792235024365
1345	Small_Intestine	40	tf	0.0843431804489985
1346	Small_Intestine	50	tf	0.07735118548901339
1347	Small_Intestine	60	tf	0.07297461954445601
1348	Small_Intestine	70	tf	0.06742223579985306
1349	Small_Intestine	80	tf	0.06758381809770705
1350	Small_Intestine	90	tf	0.06621639638097022
1351	Small_Intestine	100	tf	0.0626096568660259
1352	Small_Intestine	200	tf	0.07108410305527645
1353	Small_Intestine	300	tf	0.07964353571857367
1354	Small_Intestine	400	tf	0.08260400847028651
1355	Small_Intestine	500	tf	0.08429223898533995
1356	Small_Intestine	600	tf	0.08322516619003775
1357	Small_Intestine	700	tf	0.08422230782430185
1358	Small_Intestine	800	tf	0.08106113206139182
1359	Small_Intestine	900	tf	0.07681004847594149
1360	Small_Intestine	1000	tf	0.06852448290776889
1361	Small_Intestine	1100	tf	0.061612015547072393
1362	Small_Intestine	1200	tf	0.05350548839088476
1363	Small_Intestine	1300	tf	0.043213452323800396
1364	Small_Intestine	1400	tf	0.032401535502595544
1365	Small_Intestine	2	non_tf	0.4732908340664779
1366	Small_Intestine	3	non_tf	0.44187651597730154
1367	Small_Intestine	4	non_tf	0.2544742837474152
1368	Small_Intestine	5	non_tf	0.24249739662614053
1369	Small_Intestine	6	non_tf	0.19169293624116798
1370	Small_Intestine	7	non_tf	0.18668659323556477
1371	Small_Intestine	8	non_tf	0.17740670284141963
1372	Small_Intestine	9	non_tf	0.14454089694411998
1373	Small_Intestine	10	non_tf	0.139147890609042
1374	Small_Intestine	20	non_tf	0.08841682825170286
1375	Small_Intestine	30	non_tf	0.07215242855040546
1376	Small_Intestine	40	non_tf	0.06360870122284683
1377	Small_Intestine	50	non_tf	0.05640931576157218
1378	Small_Intestine	60	non_tf	0.046783881663072284
1379	Small_Intestine	70	non_tf	0.046652629457102315
1380	Small_Intestine	80	non_tf	0.041136235735620356
1381	Small_Intestine	90	non_tf	0.03877850445124776
1382	Small_Intestine	100	non_tf	0.035507684969340564
1383	Small_Intestine	200	non_tf	0.02849425318688376
1384	Small_Intestine	300	non_tf	0.024200784213457772
1385	Small_Intestine	400	non_tf	0.025404751574339517
1386	Small_Intestine	500	non_tf	0.025589530647278855
1387	Small_Intestine	600	non_tf	0.02770870477684757
1388	Small_Intestine	700	non_tf	0.029862648406140332
1389	Small_Intestine	800	non_tf	0.03140422176709049
1390	Small_Intestine	900	non_tf	0.033084162366642515
1391	Small_Intestine	1000	non_tf	0.03443911853586934
1392	Spleen	2	tf	0.6518506590811779
1393	Spleen	3	tf	0.36133717728327913
1394	Spleen	4	tf	0.35400351515282075
1395	Spleen	5	tf	0.35306630852499243
1396	Spleen	6	tf	0.31267949149912583
1397	Spleen	7	tf	0.3112322664238755
1398	Spleen	8	tf	0.3032635007438573
1399	Spleen	9	tf	0.22488996746901227
1400	Spleen	10	tf	0.17124499900503526
1401	Spleen	20	tf	0.10030572771569844
1402	Spleen	30	tf	0.07703161537314142
1403	Spleen	40	tf	0.06525888025969258
1404	Spleen	50	tf	0.05844611929925076
1405	Spleen	60	tf	0.05400605985220866
1406	Spleen	70	tf	0.057409201724402406
1407	Spleen	80	tf	0.05560372714754598
1408	Spleen	90	tf	0.05278335759095369
1409	Spleen	100	tf	0.053380330752000604
1410	Spleen	200	tf	0.06372198918331433
1411	Spleen	300	tf	0.07419072287804872
1412	Spleen	400	tf	0.07402640049851038
1413	Spleen	500	tf	0.07685870670450975
1414	Spleen	600	tf	0.07559423561330386
1415	Spleen	700	tf	0.07650937156830163
1416	Spleen	800	tf	0.07298042753477092
1417	Spleen	900	tf	0.07044610891338325
1418	Spleen	1000	tf	0.06382039173505492
1419	Spleen	1100	tf	0.05629125006853981
1420	Spleen	1200	tf	0.04634180058937656
1421	Spleen	1300	tf	0.03543891763112682
1422	Spleen	1400	tf	0.024657307409604437
1423	Spleen	2	non_tf	0.5790630809736383
1424	Spleen	3	non_tf	0.4497502100460483
1425	Spleen	4	non_tf	0.4501831392264935
1426	Spleen	5	non_tf	0.34003864738137507
1427	Spleen	6	non_tf	0.3398396061760274
1428	Spleen	7	non_tf	0.33454849045404356
1429	Spleen	8	non_tf	0.22745931963906343
1430	Spleen	9	non_tf	0.1398632977077296
1431	Spleen	10	non_tf	0.13627452906751197
1432	Spleen	20	non_tf	0.12799488425694489
1433	Spleen	30	non_tf	0.07558181068258099
1434	Spleen	40	non_tf	0.06936158633023433
1435	Spleen	50	non_tf	0.04706857652127374
1436	Spleen	60	non_tf	0.03878888741193916
1437	Spleen	70	non_tf	0.03357812519193153
1438	Spleen	80	non_tf	0.02817080601698749
1439	Spleen	90	non_tf	0.02242379830721774
1440	Spleen	100	non_tf	0.021553644533161092
1441	Spleen	200	non_tf	0.017048318655020406
1442	Spleen	300	non_tf	0.015677752917776303
1443	Spleen	400	non_tf	0.016987444228129086
1444	Spleen	500	non_tf	0.01746104331593956
1445	Spleen	600	non_tf	0.01910466334436699
1446	Spleen	700	non_tf	0.022826580615954155
1447	Spleen	800	non_tf	0.024092857584157506
1448	Spleen	900	non_tf	0.02679266442961415
1449	Spleen	1000	non_tf	0.029449094621311626
1450	Stomach	2	tf	0.5614626984227353
1451	Stomach	3	tf	0.33466726151327886
1452	Stomach	4	tf	0.32508837668049306
1453	Stomach	5	tf	0.33251910102241755
1454	Stomach	6	tf	0.23021008304024934
1455	Stomach	7	tf	0.2099217135189743
1456	Stomach	8	tf	0.18953348149052568
1457	Stomach	9	tf	0.1847421601430332
1458	Stomach	10	tf	0.1657217583873755
1459	Stomach	20	tf	0.1394627675268635
1460	Stomach	30	tf	0.12308999625948264
1461	Stomach	40	tf	0.11205380518879283
1462	Stomach	50	tf	0.09742581127834486
1463	Stomach	60	tf	0.09506397284642931
1464	Stomach	70	tf	0.09191351096225747
1465	Stomach	80	tf	0.08831594207275703
1466	Stomach	90	tf	0.08657623768312019
1467	Stomach	100	tf	0.08716272492586774
1468	Stomach	200	tf	0.0855779009935075
1469	Stomach	300	tf	0.09194058340258265
1470	Stomach	400	tf	0.09659583130296122
1471	Stomach	500	tf	0.09787218223316568
1472	Stomach	600	tf	0.09595411210486407
1473	Stomach	700	tf	0.09236868149332458
1474	Stomach	800	tf	0.0891447988999095
1475	Stomach	900	tf	0.08098462058473145
1476	Stomach	1000	tf	0.07229713781683444
1477	Stomach	1100	tf	0.06378226223166478
1478	Stomach	1200	tf	0.05352686932849509
1479	Stomach	1300	tf	0.04147733206485167
1480	Stomach	1400	tf	0.028818531452606662
1481	Stomach	2	non_tf	0.5920159499266704
1482	Stomach	3	non_tf	0.29790991246424553
1483	Stomach	4	non_tf	0.29522949957490663
1484	Stomach	5	non_tf	0.2665820686414175
1485	Stomach	6	non_tf	0.26245941280678126
1486	Stomach	7	non_tf	0.2594737876378302
1487	Stomach	8	non_tf	0.2462398692192816
1488	Stomach	9	non_tf	0.2262891357270601
1489	Stomach	10	non_tf	0.21783097119139966
1490	Stomach	20	non_tf	0.11585170940583699
1491	Stomach	30	non_tf	0.10376037087691248
1492	Stomach	40	non_tf	0.0903002481990973
1493	Stomach	50	non_tf	0.07499499921956775
1494	Stomach	60	non_tf	0.06352098831356137
1495	Stomach	70	non_tf	0.06357127256075552
1496	Stomach	80	non_tf	0.062364374033685395
1497	Stomach	90	non_tf	0.05916667895715612
1498	Stomach	100	non_tf	0.05316505243447244
1499	Stomach	200	non_tf	0.03938943953775247
1500	Stomach	300	non_tf	0.03672165013054127
1501	Stomach	400	non_tf	0.03908653279571244
1502	Stomach	500	non_tf	0.0400287835232466
1503	Stomach	600	non_tf	0.04107517259121824
1504	Stomach	700	non_tf	0.042191556732817055
1505	Stomach	800	non_tf	0.043382134631436337
1506	Stomach	900	non_tf	0.04312730316317275
1507	Stomach	1000	non_tf	0.04389630231439392
1508	Testis	2	tf	0.5756847499196742
1509	Testis	3	tf	0.5503293126062864
1510	Testis	4	tf	0.3246210005572477
1511	Testis	5	tf	0.303096048299533
1512	Testis	6	tf	0.2913087899282667
1513	Testis	7	tf	0.28997649184302027
1514	Testis	8	tf	0.2359940791805185
1515	Testis	9	tf	0.20042485594733406
1516	Testis	10	tf	0.19785474811320108
1517	Testis	20	tf	0.1073510398744895
1518	Testis	30	tf	0.08796710001916033
1519	Testis	40	tf	0.05866883533769542
1520	Testis	50	tf	0.05289880204855036
1521	Testis	60	tf	0.0478418662323552
1522	Testis	70	tf	0.04446182934408358
1523	Testis	80	tf	0.04329234814090844
1524	Testis	90	tf	0.0451584894513601
1525	Testis	100	tf	0.043953431824927336
1526	Testis	200	tf	0.0549533070947317
1527	Testis	300	tf	0.059455572010870324
1528	Testis	400	tf	0.06237984768230044
1529	Testis	500	tf	0.06826798316525315
1530	Testis	600	tf	0.0722650718823781
1531	Testis	700	tf	0.07297044640077655
1532	Testis	800	tf	0.07226576740590505
1533	Testis	900	tf	0.06942421819452549
1534	Testis	1000	tf	0.06693355664925797
1535	Testis	1100	tf	0.06280616287924062
1536	Testis	1200	tf	0.057069908136947234
1537	Testis	1300	tf	0.050487740188283434
1538	Testis	1400	tf	0.042387560230678516
1539	Testis	2	non_tf	0.5901402836736978
1540	Testis	3	non_tf	0.5586139286382688
1541	Testis	4	non_tf	0.32509303311415966
1542	Testis	5	non_tf	0.3069758019427124
1543	Testis	6	non_tf	0.30409113615684163
1544	Testis	7	non_tf	0.2842165056924457
1545	Testis	8	non_tf	0.2834678166238921
1546	Testis	9	non_tf	0.2823314659567972
1547	Testis	10	non_tf	0.2813404283767486
1548	Testis	20	non_tf	0.15776689528710158
1549	Testis	30	non_tf	0.08059190440484942
1550	Testis	40	non_tf	0.06587650233294944
1551	Testis	50	non_tf	0.05231396824339502
1552	Testis	60	non_tf	0.04186691650904809
1553	Testis	70	non_tf	0.030427062257643446
1554	Testis	80	non_tf	0.028374780120067958
1555	Testis	90	non_tf	0.0306457589340916
1556	Testis	100	non_tf	0.029830919798909724
1557	Testis	200	non_tf	0.014591737699795526
1558	Testis	300	non_tf	0.014215102649138306
1559	Testis	400	non_tf	0.012865124249891065
1560	Testis	500	non_tf	0.014469437049060244
1561	Testis	600	non_tf	0.015088311663303962
1562	Testis	700	non_tf	0.01775600861964586
1563	Testis	800	non_tf	0.020100967406781068
1564	Testis	900	non_tf	0.020889669589930136
1565	Testis	1000	non_tf	0.023126640830786274
1566	Thyroid	2	tf	0.5102018250571809
1567	Thyroid	3	tf	0.4973972568160915
1568	Thyroid	4	tf	0.46164854315255827
1569	Thyroid	5	tf	0.46230486669125237
1570	Thyroid	6	tf	0.4593360814998518
1571	Thyroid	7	tf	0.4184862624979612
1572	Thyroid	8	tf	0.426201464313331
1573	Thyroid	9	tf	0.42536564129235804
1574	Thyroid	10	tf	0.24750890023757352
1575	Thyroid	20	tf	0.18546791951810643
1576	Thyroid	30	tf	0.12966693854813158
1577	Thyroid	40	tf	0.09892557797374765
1578	Thyroid	50	tf	0.09369893010140472
1579	Thyroid	60	tf	0.08339063844335698
1580	Thyroid	70	tf	0.08114358944639814
1581	Thyroid	80	tf	0.07065478333519223
1582	Thyroid	90	tf	0.06903517424172335
1583	Thyroid	100	tf	0.06998734173080176
1584	Thyroid	200	tf	0.06622809622981951
1585	Thyroid	300	tf	0.06769484378811294
1586	Thyroid	400	tf	0.07251416536327994
1587	Thyroid	500	tf	0.07803835008805614
1588	Thyroid	600	tf	0.07670494413752425
1589	Thyroid	700	tf	0.07484982475171774
1590	Thyroid	800	tf	0.07104635862115415
1591	Thyroid	900	tf	0.06862215381500693
1592	Thyroid	1000	tf	0.061460699642970525
1593	Thyroid	1100	tf	0.0556746366620171
1594	Thyroid	1200	tf	0.04540229123375593
1595	Thyroid	1300	tf	0.03493247089308089
1596	Thyroid	1400	tf	0.02563306504132954
1597	Thyroid	2	non_tf	0.5492516494162774
1598	Thyroid	3	non_tf	0.489571644950251
1599	Thyroid	4	non_tf	0.4841176830173869
1600	Thyroid	5	non_tf	0.47457930021722666
1601	Thyroid	6	non_tf	0.4461386202966561
1602	Thyroid	7	non_tf	0.41626824409484553
1603	Thyroid	8	non_tf	0.41309056109799025
1604	Thyroid	9	non_tf	0.4125784102666008
1605	Thyroid	10	non_tf	0.3018748102791772
1606	Thyroid	20	non_tf	0.15298193871877785
1607	Thyroid	30	non_tf	0.09448623891198872
1608	Thyroid	40	non_tf	0.07909621036321605
1609	Thyroid	50	non_tf	0.0980971997408939
1610	Thyroid	60	non_tf	0.09657515268227936
1611	Thyroid	70	non_tf	0.07675064042929479
1612	Thyroid	80	non_tf	0.0686940529920812
1613	Thyroid	90	non_tf	0.06340042033373548
1614	Thyroid	100	non_tf	0.05907911298969174
1615	Thyroid	200	non_tf	0.036803308938933695
1616	Thyroid	300	non_tf	0.027302157204451345
1617	Thyroid	400	non_tf	0.029143340850101368
1618	Thyroid	500	non_tf	0.026869892359188772
1619	Thyroid	600	non_tf	0.027858602105143376
1620	Thyroid	700	non_tf	0.030224629997363476
1621	Thyroid	800	non_tf	0.03145554487626998
1622	Thyroid	900	non_tf	0.0329524416864743
1623	Thyroid	1000	non_tf	0.03366286518797782
1624	Uterus	2	tf	0.5986242373396005
1625	Uterus	3	tf	0.5321363129121373
1626	Uterus	4	tf	0.24450710918363067
1627	Uterus	5	tf	0.2364625764663339
1628	Uterus	6	tf	0.22381565120537109
1629	Uterus	7	tf	0.20234988246812752
1630	Uterus	8	tf	0.20029858568439304
1631	Uterus	9	tf	0.15481368336759088
1632	Uterus	10	tf	0.1395611417257429
1633	Uterus	20	tf	0.113972760365962
1634	Uterus	30	tf	0.0687860023367448
1635	Uterus	40	tf	0.056247010124075
1636	Uterus	50	tf	0.052413873083963204
1637	Uterus	60	tf	0.05048155138519204
1638	Uterus	70	tf	0.04670176618709178
1639	Uterus	80	tf	0.04818987969920018
1640	Uterus	90	tf	0.05067325997851851
1641	Uterus	100	tf	0.04966880764902479
1642	Uterus	200	tf	0.05678789185657955
1643	Uterus	300	tf	0.0658400271846942
1644	Uterus	400	tf	0.07191226833716448
1645	Uterus	500	tf	0.07585342329469794
1646	Uterus	600	tf	0.07858439202902738
1647	Uterus	700	tf	0.07823586583709695
1648	Uterus	800	tf	0.07412545755479573
1649	Uterus	900	tf	0.06693278459072904
1650	Uterus	1000	tf	0.06135970397373654
1651	Uterus	1100	tf	0.05470178872903066
1652	Uterus	1200	tf	0.04563105052860656
1653	Uterus	1300	tf	0.03748898917505038
1654	Uterus	1400	tf	0.026065211208930638
1655	Uterus	2	non_tf	0.5233569675385799
1656	Uterus	3	non_tf	0.4635826339480423
1657	Uterus	4	non_tf	0.2821298657434124
1658	Uterus	5	non_tf	0.2685719182802177
1659	Uterus	6	non_tf	0.26498140341334203
1660	Uterus	7	non_tf	0.2648543718384864
1661	Uterus	8	non_tf	0.2317182569655941
1662	Uterus	9	non_tf	0.22794237304378984
1663	Uterus	10	non_tf	0.14679452350884328
1664	Uterus	20	non_tf	0.08522374579955172
1665	Uterus	30	non_tf	0.05033794714300816
1666	Uterus	40	non_tf	0.03753199024778462
1667	Uterus	50	non_tf	0.03417242831445617
1668	Uterus	60	non_tf	0.03134105576321319
1669	Uterus	70	non_tf	0.029510374974441873
1670	Uterus	80	non_tf	0.025346100750389993
1671	Uterus	90	non_tf	0.019591405462492117
1672	Uterus	100	non_tf	0.014891883262249625
1673	Uterus	200	non_tf	0.009244372428691009
1674	Uterus	300	non_tf	0.008824318604085694
1675	Uterus	400	non_tf	0.012043159679132052
1676	Uterus	500	non_tf	0.015012326753848301
1677	Uterus	600	non_tf	0.016927540673297155
1678	Uterus	700	non_tf	0.019157380466018094
1679	Uterus	800	non_tf	0.02113712244855535
1680	Uterus	900	non_tf	0.02327775876179071
1681	Uterus	1000	non_tf	0.025302398644895908
1682	Vagina	2	tf	0.6007716343752401
1683	Vagina	3	tf	0.5520426758881358
1684	Vagina	4	tf	0.21680127934475024
1685	Vagina	5	tf	0.2127716071657855
1686	Vagina	6	tf	0.19083155153459516
1687	Vagina	7	tf	0.17977326395867754
1688	Vagina	8	tf	0.17922868994713206
1689	Vagina	9	tf	0.16351240781079407
1690	Vagina	10	tf	0.1486937925421302
1691	Vagina	20	tf	0.09466054500514719
1692	Vagina	30	tf	0.07020949893621806
1693	Vagina	40	tf	0.061212661020011855
1694	Vagina	50	tf	0.060283233623212085
1695	Vagina	60	tf	0.05915463452341931
1696	Vagina	70	tf	0.05617987913913166
1697	Vagina	80	tf	0.05774050586006944
1698	Vagina	90	tf	0.0577532438361519
1699	Vagina	100	tf	0.055100589373116106
1700	Vagina	200	tf	0.05923239400966896
1701	Vagina	300	tf	0.06747787741993692
1702	Vagina	400	tf	0.0720129138166563
1703	Vagina	500	tf	0.07235648738605713
1704	Vagina	600	tf	0.07470878512301553
1705	Vagina	700	tf	0.07823193745207455
1706	Vagina	800	tf	0.07658959246138049
1707	Vagina	900	tf	0.07143875840440501
1708	Vagina	1000	tf	0.06161602376426489
1709	Vagina	1100	tf	0.053876697820434416
1710	Vagina	1200	tf	0.04458584106245219
1711	Vagina	1300	tf	0.03499523615232234
1712	Vagina	1400	tf	0.025128659788021968
1713	Vagina	2	non_tf	0.6055428457146405
1714	Vagina	3	non_tf	0.3273210055634775
1715	Vagina	4	non_tf	0.302125213867437
1716	Vagina	5	non_tf	0.18153736043467553
1717	Vagina	6	non_tf	0.18605486433018262
1718	Vagina	7	non_tf	0.13948193481901605
1719	Vagina	8	non_tf	0.13015574647515002
1720	Vagina	9	non_tf	0.12617038186850324
1721	Vagina	10	non_tf	0.11487771559529812
1722	Vagina	20	non_tf	0.08616509866466573
1723	Vagina	30	non_tf	0.05342143365070528
1724	Vagina	40	non_tf	0.046224045073585844
1725	Vagina	50	non_tf	0.04515601792110014
1726	Vagina	60	non_tf	0.03448228482682888
1727	Vagina	70	non_tf	0.030374520327099464
1728	Vagina	80	non_tf	0.028362679262838017
1729	Vagina	90	non_tf	0.026066183849336066
1730	Vagina	100	non_tf	0.027787280911996916
1731	Vagina	200	non_tf	0.016199244201097415
1732	Vagina	300	non_tf	0.018044077116203334
1733	Vagina	400	non_tf	0.01936112084461736
1734	Vagina	500	non_tf	0.021266047160071654
1735	Vagina	600	non_tf	0.02271467262069265
1736	Vagina	700	non_tf	0.02367833815391572
1737	Vagina	800	non_tf	0.02439940456395894
1738	Vagina	900	non_tf	0.025704522889757348
1739	Vagina	1000	non_tf	0.027871601837361377
